,Fish_ID_Revised,Fish_ID,GillClip_ID_Revised,GillClip_ID,Collection_Date,RunTimingGroup,Collection_Location,Processing_Date,Col_Location_Lat,Col_Location_Long,Fish_Wt,Fish_Leng_1,Fish_Leng_1_tape,Fish_Leng_2,Fish_Leng_2_tape,Fish_Ht,Fish_Ht_tape,Fish_Wdth,Fish_Grth,Sex,Gonad_Wt,DWP.,Fem_Fecun_1_num,Fem_Fecun_1_wt,Fem_Fecun_2_num,Fem_Fecun_2_wt,Fem_Fecun_3_num,Fem_Fecun_3_wt,Fem_Egg_Sz_1,Fem_Egg_Sz_2,Fem_Egg_Sz_3,Carcass.guts_Wt,Oto_Well_ID,Strontium_marked_Y.N,Scales_Y.N,Scales_num,Fish_Ground_Y.N,Gonad_Saved_Y.N,Gonad_Saved_wt,Fat_Meter_1._L,Fat_Meter_1._R,Fat_Meter_2._L,Fat_Meter_2._R,Fat_Meter_3._L,Fat_Meter_3._R,Fat_Meter_4._L,Fat_Meter_4._R,Dissect_Comments,SpawnStatus,Date_LabDryStart,Fish.BagWt_g,Date_LabDryFinal,DryFish.BagWt_g,Pwater,Pdry,Dry_Comments,Date_BCProcess,Bomb_ID_1,Bomb_PelletWt_g_1,EE_Value_1,EnergyDensity_mJ.kg_1,EnergyPDry_1,Bomb_ID_2,Bomb_PelletWt_g_2,EE_value_2,EnergyDensity_mJ.kg_2,EnergyPDry_2,Bomb_ID_3,Bomb_PelletWt_g_3,EE_value_3,EnergyDensity_mJ.kg_3,EnergyPDry_3,Bomb_ID_4,Bomb_PelletWt_g_4,EE_value_4,EnergyDensity_mJ.kg_4,EnergyPDry_4,BC_comments,Collection_RiverMile_m,Elevation_m,Year,Group_Assignment,Fish_Leng_1_mm,Fish_Leng_2_mm,Fish_Ht_mm,Fish_Grth_mm,Fish_Wt_g,bodysize_pc_g_mm,Gonad_Wt_g,Work
1,GH-6-2019,GK6-2019,GH-6-19,GK6,2019-07-27,NA,Fish Creek Gulkana,8/7/19,63.1000428,-145.481274,1.376,41.4,42.1,3.4,3.6,10,10.5,6.3,27.2,F,0.21,N/A,49,3.7829,52,4.3651,45,3.971,4.7,4.9,4.4,1.118,1-G9,N,Y,5,Y,Y,0.102,0.9,0.8,0.9,0.8,0.8,0.8,1.2,1.3,,0,11/3/19,137,11/10/19,34.7,0.7467,0.2533,,11/26/19,4,0.2888,923.3249,23.0405,5.835805474,NA,NA,NA,NA,NA,NA,NA,NA,NA,NA,NA,NA,NA,NA,NA,NA,473968.02,988,2019,Gulkana,414,34,100,272,1376,-1.505030915,210,468.3
2,GH-7-2019,GK7-2019,GH-7-19,GK7,2019-07-27,NA,Fish Creek Gulkana,8/7/19,63.1000428,-145.481274,1.184,39.8,40,3.5,3.9,8.8,9.7,5.3,24,F,0.188,N/A,68,6.2316,82,9.5306,47,5.5035,4.7,4.2,4.5,0.948,1-G1,N,Y,5,Y,Y,0.1,0.7,1.1,1.3,0.8,1.3,0.7,1,0.7,,0,11/3/19,157.8,11/10/19,37.7,0.7611,0.2389,,11/26/19,2,0.304,923.1981,19.3525,4.62350602,NA,NA,NA,NA,NA,NA,NA,NA,NA,NA,NA,NA,NA,NA,NA,NA,473968.02,988,2019,Gulkana,398,35,88,240,1184,-2.580283437,188,468.3
3,GH-8-2019,GK8-2019,GH-8-19,GK8,2019-07-27,NA,Fish Creek Gulkana,8/7/19,63.1000428,-145.481274,1.444,41.6,42.1,3.3,3.8,6.4,10.2,5.6,25.2,F,0.236,N/A,61,7.1919,75,9.5798,48,4.18,4.8,4.6,4.3,1.148,1-G2,N,Y,5,Y,Y,0.138,0.7,0.6,0.8,0.7,0.6,0.7,0.6,0.6,,0,11/3/19,193.6,11/10/19,43.1,0.7774,0.2226,,11/26/19,4,0.3865,923.3249,19.4505,4.330147469,NA,NA,NA,NA,NA,NA,NA,NA,NA,NA,NA,NA,NA,NA,NA,NA,473968.02,988,2019,Gulkana,416,33,64,252,1444,-2.743620223,236,468.3
4,GH-9-2019,GK9-2019,GH-9-19,GK9,2019-07-27,NA,Fish Creek Gulkana,8/7/19,63.1000428,-145.481274,2.078,46.2,46.7,4.6,5.2,12.2,11.7,6.9,30.1,F,0.44,N/A,50,6.4796,85,10.2085,93,10.5876,5.1,5.3,5.1,1.59,1-F12,N,Y,5,Y,Y,0.18,1,1.1,1,1.1,0.8,1.4,0.7,1.1,,0,11/3/19,132,11/10/19,35.2,0.7333,0.2667,,11/26/19,2,0.3096,923.1981,22.9675,6.124666667,NA,NA,NA,NA,NA,NA,NA,NA,NA,NA,NA,NA,NA,NA,NA,NA,473968.02,988,2019,Gulkana,462,46,122,301,2078,0.363420551,440,468.3
5,GH-10-2019,GK10-2019,GH-10-19,GK10,2019-07-27,NA,Fish Creek Gulkana,8/7/19,63.1000428,-145.481274,1.334,40.2,41.6,3.4,4,9,10.2,5.5,24.1,F,0.198,N/A,64,3.9213,89,5.3753,60,3.7846,4.4,4.3,4.1,1.08,1-G8,N,Y,5,Y,Y,0.116,1,1.1,0.9,1,0.8,1,1,1.2,,0,11/3/19,95.2,11/10/19,25.7,0.73,0.27,,11/26/19,4,0.3218,923.3249,22.2529,6.007348004,NA,NA,NA,NA,NA,NA,NA,NA,NA,NA,NA,NA,NA,NA,NA,NA,473968.02,988,2019,Gulkana,402,34,90,241,1334,-2.440647716,198,468.3
9,GH-19-2019,GK19-2019,GH-19-19,GK19,2019-08-17,NA,Gulkana Hatchery,9/3/19,63.06732669,-145.5138318,1.792,46.5,47.4,4.2,4.7,10.8,11,5.9,26.9,F,0,N/A,55,3.5626,NA,NA,NA,NA,4.5,NA,NA,1.618,2-D6,N,Y,5,Y,N,NA,0.7,0.5,0.5,0.5,0.7,0.5,0.7,0.5,"LIKELY A PARTIAL SPAWNER, SKEIN LOOSE WITH EGGS THROUGHOUT BODY CAVITY",1,11/10/19,130.5,11/25/19,27,0.7931,0.2069,TOOK SAMPLES OFF TO THAW FREEZE DRIER THEN PUT BACK ON,12/1/19,2,0.4485,923.1981,21.3085,4.408655172,NA,NA,NA,NA,NA,NA,NA,NA,NA,NA,NA,NA,NA,NA,NA,NA,468383.14,909,2019,GulkanaHatchery,465,42,108,269,1792,-0.431628119,0,425.8
12,MN-7-2019,MN7-2019,MN-7-19,MN7,2019-07-26,NA,Mentasta,8/7/19,62.94958,-143.35984,1.52,42.9,44.3,4.2,4.6,10.3,11.5,5.4,25.1,F,0,N/A,32,3.3782,NA,NA,NA,NA,5,NA,NA,1.311,1-G10,N,Y,5,Y,N,NA,0.7,0.8,0.7,0.7,0.6,0.7,0.7,0.8,SKEIN RUPTURED AND FILLING BODY WITH LOOSE EGGS. LIKELY PARTIAL SPAWNER,1,11/15/19,154.8,11/21/19,35.3,0.772,0.228,,12/11/19,4,0.2732,923.3249,21.3669,4.872426163,NA,NA,NA,NA,NA,NA,NA,NA,NA,NA,NA,NA,NA,NA,NA,NA,472102.04,678,2019,Slana,429,42,103,251,1520,-1.464455015,0,320.1
14,MN-9-2019,MN9-2019,MN-9-19,MN9,2019-07-26,NA,Mentasta,8/6/19,62.94958,-143.35984,1.46,45.7,47.1,4.7,5.7,9.5,13.2,4.4,24.6,F,0,N/A,40,4.8765,NA,NA,NA,NA,5.6,NA,NA,1.276,1-F1,N,Y,NA,Y,N,NA,0.6,0.4,0.5,0.5,0.5,0.6,0.5,0.5,"SKEINS RUPTURED, EGGS LOOSE, PARTIAL SPAWNER",1,11/15/19,117.9,11/21/19,24.2,0.7947,0.2053,,12/11/19,4,0.3879,923.3249,21.2445,4.360618321,NA,NA,NA,NA,NA,NA,NA,NA,NA,NA,NA,NA,NA,NA,NA,NA,472102.04,678,2019,Slana,457,47,95,246,1460,-1.262223318,0,320.1
21,LL-6-2019,LL6-2019,LL-6-19,LL6,2019-08-24,NA,Long Lake,9/4/19,61.37920879,-143.30713,1.534,42.6,43.2,2.9,3.5,10.8,9.7,6.1,25.8,F,0.112,N/A,25,2.1693,23,2.1491,27,2.2968,4,4.2,4.4,1.37,2-F3,N,Y,5,Y,Y,0.05,2.1,1.8,1.3,1.3,1.4,0.9,0.8,0.8,"FM IN FIELD RIGHT SIDE 1.7, 1.4, 0.9, 1.0",0,12/31/19,63.1,1/20/20,19.2,0.6957,0.3043,,2/11/20,2,0.2411,923.1981,24.1516,7.348822821,NA,NA,NA,NA,NA,NA,NA,NA,NA,NA,NA,NA,NA,NA,NA,NA,258752.38,430,2019,Chitina,426,29,108,258,1534,-1.278946572,112,111.3
22,LL-7-2019,LL7-2019,LL-7-19,LL7,2019-08-24,NA,Long Lake,9/4/19,61.37920879,-143.30713,1.72,42.4,44.7,3.2,3.6,11,11.3,6.4,28.6,F,0.158,N/A,29,2.5475,18,2.2222,31,2.9073,4.4,4.2,4.2,1.482,2-F5,N,Y,5,Y,Y,0.076,1.7,1.2,1.1,0.9,0.9,0.7,0.9,0.7,"FM IN FIELD 0.8, 0.9, 0.8, 0.7",0,12/31/19,157.1,1/20/20,41,0.739,0.261,,2/11/20,4,0.2477,923.3249,23.935,6.246562699,NA,NA,NA,NA,NA,NA,NA,NA,NA,NA,NA,NA,NA,NA,NA,NA,258752.38,430,2019,Chitina,424,32,110,286,1720,-0.852076323,158,111.3
23,LL-8-2019,LL8-2019,LL-8-19,LL8,2019-08-24,NA,Long Lake,9/4/19,61.37920879,-143.30713,1.632,43.5,44,3.9,4.3,10.9,10.5,6.2,26.7,F,0.178,N/A,28,2.964,31,2.9445,30,2.3721,4.5,4.5,4.6,1.392,2-F2,N,Y,5,Y,Y,0.096,0.9,0.8,0.7,0.7,0.6,0.7,0.6,0.7,"FIRST TWO FECUNDITY SAMPLES HAD LOTS OF SKEIN ATTACHED. FM IN FIELD 0.8, 0.6, 0.6, 0.6",0,12/31/19,58.8,1/20/20,15.5,0.7364,0.2636,,2/11/20,2,0.2955,923.1981,22.8806,6.03145068,NA,NA,NA,NA,NA,NA,NA,NA,NA,NA,NA,NA,NA,NA,NA,NA,258752.38,430,2019,Chitina,435,39,109,267,1632,-0.962070967,178,111.3
24,LL-9-2019,LL9-2019,LL-9-19,LL9,2019-08-24,NA,Long Lake,9/3/19,61.37920879,-143.30713,1.708,41.7,44.2,3.7,3.7,11,10.8,6.8,27.7,F,0.14,N/A,20,2.084,46,3.0428,19,1.418,4.3,4.1,4.2,1.508,2-C11,N,Y,5,Y,Y,0.07,0.9,1.1,1,0.9,0.8,0.7,1.2,0.9,"FM IN FIELD 0.8, 0.8, 0.7, 0.6",0,12/31/19,76.3,1/20/20,20.5,0.7313,0.2687,,2/11/20,4,0.3102,923.3249,23.2413,6.244385976,NA,NA,NA,NA,NA,NA,NA,NA,NA,NA,NA,NA,NA,NA,NA,NA,258752.38,430,2019,Chitina,417,37,110,277,1708,-1.106411127,140,111.3
25,LL-10-2019,LL10-2019,LL-10-19,LL10,2019-08-24,NA,Long Lake,9/3/19,61.37920879,-143.30713,2.07,46.4,47.3,3.7,4.2,11.4,11.3,7.2,29.3,F,0.154,N/A,27,2.2199,23,2.1332,29,2.4411,4.2,4.6,4.3,1.818,2-E1,N,Y,5,Y,Y,0.066,1.7,1.6,1.7,1.3,1.4,1,1.4,0.8,"PUNCTURE WOULD ON VENTRAL SURFACE. FM IN FIELD 1.4, 1.3, 1.1, 0.8",0,12/31/19,62.3,1/20/20,19.3,0.6902,0.3098,,2/11/20,2,0.3571,923.1981,24.4298,7.568140289,4,0.301,923.3249,25.444,7.882330658,4,0.3863,923.3249,25.2729,7.829325361,NA,NA,NA,NA,NA,NA,258752.38,430,2019,Chitina,464,37,114,293,2070,0.06384112,154,111.3
26,MA-1-2019,MA1-2019,MA-1-19,MA1,2019-08-20,NA,Mahlo,9/4/19,61.73588,-145.7294181,1.644,43.6,45.5,3.8,4.1,12,12.2,7.6,28.6,F,0.266,N/A,15,2.4816,20,4.2945,27,4.5288,6.1,6.1,5.9,1.274,2-E9,N,Y,5,Y,Y,0.108,0.6,0.6,0.5,0.5,0.5,0.5,0.6,0.6,,0,12/31/19,89,1/20/20,19,0.7865,0.2135,,2/11/20,4,0.4094,923.3249,19.4626,4.154937079,NA,NA,NA,NA,NA,NA,NA,NA,NA,NA,NA,NA,NA,NA,NA,NA,306987.7,537,2019,KlutinaLake,436,38,120,286,1644,-0.367637161,266,164.9
28,MA-5-2019,MA5-2019,MA-5-19,MA5,2019-08-20,NA,Mahlo,9/3/19,61.73588,-145.7294181,1.692,41.1,43.4,3.8,3.9,11.8,11.4,7.4,27.4,F,0.388,N/A,24,2.9165,29,3.4189,27,3.0407,5.8,5.6,5.4,1.256,2-D2,N,Y,5,Y,Y,0.178,0.5,0.6,0.6,0.7,0.6,0.5,0.5,0.6,,0,12/31/19,105.6,1/20/20,23.2,0.7803,0.2197,,2/11/20,4,0.3712,923.3249,21.3028,4.680160606,NA,NA,NA,NA,NA,NA,NA,NA,NA,NA,NA,NA,NA,NA,NA,NA,306987.7,537,2019,KlutinaLake,411,38,118,274,1692,-1.037411414,388,164.9
32,TN-2-2019,TNL2-2019,TN-2-19,TNL2,2019-09-10,NA,Tanada,,62.45133,-143.382153,2.022,46.7,47.6,4.3,5.5,12,13,6,28.2,F,0.262,N/A,38,3.889,45,3.6776,57,6.358,4.9,4.5,4.6,1.668,N/A,N,Y,NA,Y,Y,0.132,0.8,0.8,0.6,0.7,0.7,0.6,0.6,0.7,,0,2/5/20,99.4,2/11/20,27.8,0.7203,0.2797,,2/14/20,2,0.3062,923.1981,24.2556,6.783759356,NA,NA,NA,NA,NA,NA,NA,NA,NA,NA,NA,NA,NA,NA,NA,NA,472343.24,887,2019,TanadaCopperLakes,467,43,120,282,2022,0.120400678,262,419
33,TN-3-2019,TNL3-2019,TN-3-19,TNL3,2019-09-10,NA,Tanada,9/20/19,62.45133,-143.382153,1.956,45.08,46.08,4.09,4.05,11.05,13.05,6.01,28,F,0.296,N/A,34,5.41,37,6.597,55,8.8,4.5,4.3,4.6,1.586,2-F12,N,Y,6,Y,Y,0.166,0.8,0.7,0.8,0.8,0.7,0.7,0.7,0.6,,0,2/5/20,105.8,2/11/20,25.9,0.7552,0.2448,,2/14/20,4,0.3028,923.3249,22.389,5.480861059,NA,NA,NA,NA,NA,NA,NA,NA,NA,NA,NA,NA,NA,NA,NA,NA,472343.24,887,2019,TanadaCopperLakes,450.8,40.9,110.5,280,1956,-0.453506073,296,419
34,TN-4-2019,TNL4-2019,N/A,N/A,2019-09-10,NA,Tanada,,62.45133,-143.382153,1.86,45.9,48,4.5,5.5,11.8,14.5,5.8,30.8,F,0.262,N/A,48,7.8909,50,5.1387,83,4.1888,5.2,4.8,4.9,1.532,2-G4,N,Y,5,Y,Y,0.136,0.7,0.6,0.5,0.7,0.6,0.6,0.6,0.5,,0,2/5/20,140.2,2/11/20,33.9,0.7582,0.2418,,2/14/20,2,0.3141,923.1981,21.1332,5.109953495,4,0.2891,923.3249,22.3733,5.409806491,4,0.3106,923.3249,22.3789,5.411160556,NA,NA,NA,NA,NA,NA,472343.24,887,2019,TanadaCopperLakes,459,45,118,308,1860,0.303241699,262,419
36,MN-6-2020,MN-20-6,MN-6-20,MN-20-6,2020-07-30,NA,Mentasta,9/29/20,62.94958,-143.35984,1.554,43.4,NA,3.6,NA,10.3,NA,4.6,26.6,F,0.304,Fin well: 21(2),10,0.8135,NA,NA,NA,NA,5.3,NA,NA,1.162,2-F9,N,Y,5,Y,Y,0.18,0.4,0.7,0.5,0.5,0.4,0.7,0.8,0.8,,0,1/10/21,89.5,1/14/21,19.3,0.7844,0.2156,NA,2/8/21,4,0.4095,923.3249,20.6751,4.458429385,NA,NA,NA,NA,NA,NA,NA,NA,NA,NA,NA,NA,NA,NA,NA,NA,472102.04,678,2020,Slana,434,36,103,266,1554,-1.15803772,304,320.1
40,FC-1-2020,FC-20-1,FC-1-20,FC-20-1,2020-07-31,NA,Fish Creek Gulkana,9/28/20,63.1000428,-145.481274,1.232,42.8,NA,4,NA,10.1,NA,3.6,24.1,F,0.212,Fin well ID: 16 (2),10,0.7315,NA,NA,NA,NA,4.7,NA,NA,0.966,2-F4,N,Y,7,Y,Y,0.118,0.4,0.5,0.3,0.4,0.7,0.4,1.2,0.4,,0,1/10/21,93.9,1/14/21,20.2,0.7849,0.2151,NA,2/10/21,2,0.4471,955.4635,20.079,4.319444089,NA,NA,NA,NA,NA,NA,NA,NA,NA,NA,NA,NA,NA,NA,NA,NA,473968.02,988,2020,Gulkana,428,40,101,241,1232,-1.682214471,212,468.3
41,FC-2-2020,FC-20-2,FC-2-20,FC-20-2,2020-07-31,NA,Fish Creek Gulkana,9/28/20,63.1000428,-145.481274,1.342,40.9,NA,4.3,NA,10.4,NA,4.7,25.4,F,0.254,Fin well ID: 11,10,0.8079,NA,NA,NA,NA,5,NA,NA,1.044,2-E11,N,Y,5,Y,Y,0.142,0.5,0.7,0.5,0.8,1.2,0.6,1.9,0.7,,0,1/10/21,94.1,1/14/21,23.5,0.7503,0.2497,NA,2/10/21,4,0.5043,923.3249,19.6218,4.900236982,NA,NA,NA,NA,NA,NA,NA,NA,NA,NA,NA,NA,NA,NA,NA,NA,473968.02,988,2020,Gulkana,409,43,104,254,1342,-1.745916209,254,468.3
42,FC-3-2020,FC-20-3,FC-3-20,FC-20-3,2020-07-31,NA,Fish Creek Gulkana,9/28/20,63.1000428,-145.481274,1.476,41.9,NA,3.9,NA,10.6,NA,4,25.2,F,0.262,Fin well ID: 15 (2),10,0.9226,NA,NA,NA,NA,4.9,NA,NA,1.152,2-F3,N,Y,3,Y,Y,0.15,0.4,0.7,0.6,0.8,0.5,0.7,0.5,0.9,,0,1/10/21,98.8,1/14/21,23,0.7672,0.2328,NA,2/10/21,2,0.4383,955.4635,22.024,5.127044534,NA,NA,NA,NA,NA,NA,NA,NA,NA,NA,NA,NA,NA,NA,NA,NA,473968.02,988,2020,Gulkana,419,39,106,252,1476,-1.5442162,262,468.3
43,FC-4-2020,FC-20-4,FC-4-20,FC-20-4,2020-07-31,NA,Fish Creek Gulkana,9/28/20,63.1000428,-145.481274,1.61,43.6,NA,4.4,NA,10.5,NA,4.5,26.6,F,0.3,Fin well ID: 8(2),10,1.1557,NA,NA,NA,NA,4.9,NA,NA,1.252,2-E8 (one missing),N,Y,5,Y,Y,0.15,0.4,0.4,0.4,0.7,0.7,0.4,1.2,0.4,,0,1/10/21,97.7,1/14/21,20.9,0.7861,0.2139,NA,2/10/21,4,0.4454,923.3249,20.342,4.351563971,NA,NA,NA,NA,NA,NA,NA,NA,NA,NA,NA,NA,NA,NA,NA,NA,473968.02,988,2020,Gulkana,436,44,105,266,1610,-1.068198331,300,468.3
44,FC-5-2020,FC-20-5,FC-5-20,FC-20-5,2020-07-31,NA,Fish Creek Gulkana,9/28/20,63.1000428,-145.481274,1.93,42.8,NA,4.6,NA,11.7,NA,5.5,29.3,F,0.314,Fin well ID: 10 (2),10,1.0431,NA,NA,NA,NA,5,NA,NA,1.526,2-E10,N,Y,5,Y,Y,0.15,0.7,0.6,0.7,0.7,0.6,0.8,1.3,0.6,,0,1/10/21,98.9,1/14/21,23.2,0.7654,0.2346,NA,2/10/21,2,0.3338,955.4635,22.8293,5.355305966,NA,NA,NA,NA,NA,NA,NA,NA,NA,NA,NA,NA,NA,NA,NA,NA,473968.02,988,2020,Gulkana,428,46,117,293,1930,-0.488622958,314,468.3
45,GH2-6-2020,GH2-20-6,GH2-6-20,GH2-20-6,2020-09-08,NA,Gulkana Hatchery,9/28/20,63.06732669,-145.5138318,1.608,45.6,NA,4.6,NA,11,NA,4.2,26.6,F,0.3,Fin well ID: 4(2),10,0.8572,NA,NA,NA,NA,4.9,NA,NA,1.24,2-E4,Y,Y,4,Y,Y,0.078,0.3,0.5,0.5,0.7,0.4,0.6,2.4,0.5,,0,1/15/21,79.3,1/21/21,17.9,0.7743,0.2257,NA,2/16/21,2,0.4163,955.4635,20.5785,4.645083859,NA,NA,NA,NA,NA,NA,NA,NA,NA,NA,NA,NA,NA,NA,NA,NA,468383.14,909,2020,GulkanaHatchery,456,46,110,266,1608,-0.579283255,300,425.8
46,GH2-7-2020,GH2-20-7,GH2-7-20,GH2-20-7,2020-09-08,NA,Gulkana Hatchery,9/26/20,63.06732669,-145.5138318,1.822,47.3,NA,5.2,NA,11.4,NA,4.7,25.9,F,0.142,N/A,10,0.7874,NA,NA,NA,NA,5.1,NA,NA,2.65,2-C11,Y,Y,5,Y,Y,0.068,0.7,0.7,0.4,0.5,0.4,0.5,0.4,0.6,,0,1/15/21,109.6,1/20/21,23.1,0.7892,0.2108,NA,2/16/21,4,0.3837,923.3249,20.0141,4.218300274,NA,NA,NA,NA,NA,NA,NA,NA,NA,NA,NA,NA,NA,NA,NA,NA,468383.14,909,2020,GulkanaHatchery,473,52,114,259,1822,-0.27240891,142,425.8
47,GH2-8-2020,GH2-20-8,GH2-8-20,GH2-20-8,2020-09-08,NA,Gulkana Hatchery,9/26/20,63.06732669,-145.5138318,1.47,45.7,NA,4.6,NA,9.8,NA,4.1,24,F,0.04,"fin well id:34, partial spawner",10,0.9769,NA,NA,NA,NA,5.2,NA,NA,1.348,2-C10 (1 OTO),Y,,,Y,Y,0.036,1,0.6,0.5,0.5,0.6,0.4,0.6,0.6,partial spawner,1,1/15/21,110.5,1/21/21,22.7,0.7946,0.2054,NA,2/16/21,2,0.3141,955.4635,21.2779,4.371116109,NA,NA,NA,NA,NA,NA,NA,NA,NA,NA,NA,NA,NA,NA,NA,NA,468383.14,909,2020,GulkanaHatchery,457,46,98,240,1470,-1.267652258,40,425.8
48,GH2-9-2020,GH2-20-9,GH2-9-20,GH2-20-9,2020-09-08,NA,Gulkana Hatchery,9/26/20,63.06732669,-145.5138318,1.928,47,NA,5.1,NA,11.7,NA,4.9,27.1,F,0.26,fin well id: 38,10,0.738,NA,NA,NA,NA,5.1,NA,NA,1.548,"2-D2, one missing",Y,Y,6,Y,Y,0.074,0.7,0.5,0.5,0.6,0.5,0.7,0.6,0.8,,0,1/15/21,82.5,1/21/21,19.4,0.7648,0.2352,NA,2/16/21,4,0.3602,923.3249,20.0948,4.725322667,NA,NA,NA,NA,NA,NA,NA,NA,NA,NA,NA,NA,NA,NA,NA,NA,468383.14,909,2020,GulkanaHatchery,470,51,117,271,1928,-0.068727057,260,425.8
49,GH2-10-2020,GH2-20-10,GH2-10-20,GH2-20-10,2020-09-08,NA,Gulkana Hatchery,9/28/20,63.06732669,-145.5138318,1.602,45.2,NA,4.8,NA,10.6,NA,4,26.5,F,0.222,fin well id: 6,10,0.666,NA,NA,NA,NA,4.3,NA,NA,2.458,2-E6,Y,Y,6,Y,Y,0.034,1.5,0.5,0.8,0.6,0.7,0.5,0.8,0.5,,0,1/15/21,78.9,1/21/21,16.9,0.7858,0.2142,NA,2/16/21,2,0.3518,955.4635,21.4286,4.589902915,NA,NA,NA,NA,NA,NA,NA,NA,NA,NA,NA,NA,NA,NA,NA,NA,468383.14,909,2020,GulkanaHatchery,452,48,106,265,1602,-0.773516152,222,425.8
51,MA-4-2020,MA-20-4,MA-4-20,MA-20-4,2020-08-10,NA,Mahlo,9/29/20,61.73588,-145.7294181,1.682,43.5,NA,4.8,NA,11.9,NA,4.5,27,F,0.034,Fin clip 20 (2),10,1.2747,NA,NA,NA,NA,6,NA,NA,1.514,2-F8,N,Y,5,Y,Y,0.034,0.5,0.4,0.7,0.6,0.4,0.5,0.6,0.5,,0,1/5/20,102.5,1/9/21,21.8,0.7873,0.2127,NA,2/18/21,2,0.4142,955.4635,22.2347,4.728941073,NA,NA,NA,NA,NA,NA,NA,NA,NA,NA,NA,NA,NA,NA,NA,NA,306987.7,537,2020,KlutinaLake,435,48,119,270,1682,-0.645422734,34,164.9
52,MA-5-2020,MA-20-5,MA-5-20,MA-20-5,2020-08-10,NA,Mahlo,9/26/20,61.73588,-145.7294181,1.132,42.4,NA,4.2,NA,10.6,NA,3.5,NA,F,6,"Fin clip 43, post-spawn",10,0.8801,NA,NA,NA,NA,5.5,NA,NA,1.042,"2-D7, one missing",N,Y,7,Y,N,NA,0.5,0.4,0.4,0.4,0.4,0.4,1.1,0.5,,0,1/5/21,144.9,1/9/21,27.9,0.8075,0.1925,NA,2/18/21,4,0.3775,923.3249,17.1082,3.294125466,2,0.2947,955.4635,20.0857,3.867432919,NA,NA,NA,NA,NA,NA,NA,NA,NA,NA,NA,306987.7,537,2020,KlutinaLake,424,42,106,235.668074,1132,-1.693807435,6000,164.9
53,MA-7-2020,MA-20-7,MA-7-20,MA-20-7,2020-08-10,NA,Mahlo,9/29/20,61.73588,-145.7294181,1.406,43.2,NA,5.3,NA,11,NA,4,25.7,F,0.004,Fin clip 29 (2),NA,NA,NA,NA,NA,NA,6.4,NA,NA,1.342,2-G5,NO READ,Y,4,Y,Y,0.004,0.3,0.3,0.3,0.3,0.3,0.4,0.4,0.6,,0,1/5/21,116.5,1/9/21,23.4,0.7991,0.2009,NA,2/18/21,2,0.3061,955.4635,20.6622,4.150175794,NA,NA,NA,NA,NA,NA,NA,NA,NA,NA,NA,NA,NA,NA,NA,NA,306987.7,537,2020,KlutinaLake,432,53,110,257,1406,-1.133176873,4,164.9
54,MA-9-2020,MA-20-9,MA-9-20,MA-20-9,2020-08-10,NA,Mahlo,9/29/20,61.73588,-145.7294181,1.748,44.5,NA,4.5,NA,13.4,NA,4.2,29.6,F,0.196,Fin clip 24(2),10,1.0853,NA,NA,NA,NA,5.7,NA,NA,2.578,2-F12,N,Y,5,Y,Y,0.062,0.4,0.3,0.7,0.5,0.4,0.4,0.5,0.4,,0,1/5/21,137.1,1/9/21,26,0.8104,0.1896,NA,2/18/21,2,0.4272,955.4635,20.9315,3.969504012,NA,NA,NA,NA,NA,NA,NA,NA,NA,NA,NA,NA,NA,NA,NA,NA,306987.7,537,2020,KlutinaLake,445,45,134,296,1748,0.318674207,196,164.9
56,SA-5-2020,SA-20-5,SA-5-20,SA-20-5,2020-08-11,NA,St Anne,9/29/20,61.73953006,-145.9685194,1.33,41.7,NA,5.5,NA,10.4,NA,3.7,25.4,F,0,"Fin clip 18(2), post-spawn, just one egg",1,NA,NA,NA,NA,NA,5.8,NA,NA,1.244,2-F6,N,Y,6,Y,N,NA,0.8,0.4,0.5,0.5,0.4,0.5,0.4,0.5,"post-spawn, just one egg",2,1/23/21,75.1,1/28/21,14.2,0.8109,0.1891,NA,2/23/21,2,0.2672,955.4635,20.4194,3.860925166,NA,NA,NA,NA,NA,NA,NA,NA,NA,NA,NA,NA,NA,NA,NA,NA,319323.05,531,2020,KlutinaLake,417,55,104,254,1330,-1.604947355,0,169.6
57,SA-6-2020,SA-20-6,SA-6-20,SA-20-6,2020-08-11,NA,St Anne,9/29/20,61.73953006,-145.9685194,1.534,43.4,NA,4.4,NA,11.7,NA,4.7,27,F,0.012,Fin clip 27,1,NA,NA,NA,NA,NA,5.7,NA,NA,1.446,2-G3,N,Y,5,Y,Y,0.012,0.5,0.7,0.4,0.5,0.4,0.5,0.4,0.5,,0,1/23/21,79.9,1/28/21,16.5,0.7935,0.2065,NA,2/23/21,4,0.3644,923.3249,21.0183,4.340449937,NA,NA,NA,NA,NA,NA,NA,NA,NA,NA,NA,NA,NA,NA,NA,NA,319323.05,531,2020,KlutinaLake,434,44,117,270,1534,-0.717641017,12,169.6
58,SA-8-2020,SA-20-8,SA-8-20,SA-20-8,2020-08-11,NA,St Anne,9/26/20,61.73953006,-145.9685194,1.536,44.4,NA,5.3,NA,10.6,NA,4.2,26.2,F,0,"Fin clip, 45 only one single egg, post-spawn",NA,NA,NA,NA,NA,NA,5.75,NA,NA,1.392,2-D9,N,Y,5,Y,N,NA,0.3,0.4,0.3,0.4,0.5,0.5,0.8,0.6,"only one single egg, post-spawn",2,1/23/21,130,1/28/21,24.8,0.8092,0.1908,NA,2/23/21,4,0.339,923.3249,21.0664,4.018820923,NA,NA,NA,NA,NA,NA,NA,NA,NA,NA,NA,NA,NA,NA,NA,NA,319323.05,531,2020,KlutinaLake,444,53,106,262,1536,-0.958147358,0,169.6
60,LL-2-2020,LL-20-2,LL-2-20,LL-20-2,2020-08-31,NA,Long Lake,9/26/20,61.37920879,-143.30713,1.732,44.2,NA,4.7,NA,11.1,NA,5.5,27.3,F,0.19,Fin clip 36,NA,NA,NA,NA,NA,NA,5.1,NA,NA,1.464,2-C12 one missing,N,Y,6,Y,Y,0.096,0.7,0.7,0.8,0.7,1,0.7,0.9,0.7,,0,1/15/21,120,1/21/21,29.9,0.7508,0.2492,NA,2/25/21,4,0.4181,923.3249,22.0032,5.482464,NA,NA,NA,NA,NA,NA,NA,NA,NA,NA,NA,NA,NA,NA,NA,NA,258752.38,430,2020,Chitina,442,47,111,273,1732,-0.69680134,190,111.3
61,LL-7-2020,LL--20-7,LL-7-20,LL-20-7,2020-08-31,NA,Long Lake,9/26/20,61.37920879,-143.30713,2.102,47,NA,4.6,NA,10.7,NA,6,27,F,0.15,Fin clip 37,NA,NA,NA,NA,NA,NA,4.7,NA,NA,1.852,2-D1,N,Y,7,Y,Y,0.072,1.7,0.8,1.7,1.1,0.9,0.7,1.3,0.8,,0,1/15/21,122.2,1/21/21,32.8,0.7316,0.2684,NA,2/25/21,4,0.3075,923.3249,23.2044,6.228349591,NA,NA,NA,NA,NA,NA,NA,NA,NA,NA,NA,NA,NA,NA,NA,NA,258752.38,430,2020,Chitina,470,46,107,270,2102,-0.356267056,150,111.3
62,LL-8-2020,LL-20-8,LL-8-20,LL-20-8,2020-08-31,NA,Long Lake,9/26/20,61.37920879,-143.30713,1.976,48.2,NA,4.4,NA,10.7,NA,5.5,28,F,0.138,Fin clip 39,NA,NA,NA,NA,NA,NA,4.7,NA,NA,1.724,2-D3,N,Y,7,Y,Y,0.07,1.3,0.8,1.5,0.7,1.3,0.6,0.9,0.7,,0,1/15/21,118.3,1/21/21,31.2,0.7363,0.2637,NA,2/25/21,2,0.3495,955.4635,22.4827,5.929503297,NA,NA,NA,NA,NA,NA,NA,NA,NA,NA,NA,NA,NA,NA,NA,NA,258752.38,430,2020,Chitina,482,44,107,280,1976,0.000727398,138,111.3
63,LL-9-2020,LL-20-9,LL-9-20,LL-20-9,2020-08-31,NA,Long Lake,9/26/20,61.37920879,-143.30713,1.312,40.5,NA,3.9,NA,9.8,NA,4.7,24.5,F,0.086,Fin clip 32,NA,NA,NA,NA,NA,NA,4.6,NA,NA,1.154,2-C8 one missing,N,Y,6,Y,Y,0.044,1.4,1.5,1.3,0.8,2.2,1,0.8,0.7,,0,1/15/21,114.8,1/21/21,30.8,0.7317,0.2683,NA,2/25/21,4,0.3103,923.3249,22.7512,6.103980488,NA,NA,NA,NA,NA,NA,NA,NA,NA,NA,NA,NA,NA,NA,NA,NA,258752.38,430,2020,Chitina,405,39,98,245,1312,-2.111179221,86,111.3
64,LL-10-2020,LL-20-10,LL-10-20,LL-20-10,2020-08-31,NA,Long Lake,9/26/20,61.37920879,-143.30713,1.972,45.7,NA,4.6,NA,10.4,NA,6.2,26.4,F,0.132,Fin clip 33,NA,NA,NA,NA,NA,NA,4.3,NA,NA,1.748,2-C9,N,Y,7,Y,Y,0.07,2.1,1.4,1.5,1.3,1.5,1,2.1,2.1,,0,1/15/21,101.8,1/21/21,29,0.7151,0.2849,NA,2/25/21,2,0.2688,955.4635,24.6991,7.036089391,NA,NA,NA,NA,NA,NA,NA,NA,NA,NA,NA,NA,NA,NA,NA,NA,258752.38,430,2020,Chitina,457,46,104,264,1972,-0.754561912,132,111.3
65,MA-1-2021,MA-1-2021,MA-1-21,MA-1,2021-07-18,NA,Mahlo,7/24/21,61.73588,-145.7294181,2.022,43.6,NA,5.3,NA,13.6,NA,6.5,31.8,F,0.378,2-F7,6,0.7286,NA,NA,NA,NA,6.2,NA,NA,1.582,1-H11,N,Y,5,Y,Y,0.176,1.1,1,1.3,0.9,0.8,0.8,0.9,1,,0,10/6/21,130.8,10/11/21,32.2,0.7538,0.2462,NA,10/12/21,2,0.2932,955.4635,25.1648,6.195004281,NA,NA,NA,NA,NA,NA,NA,NA,NA,NA,NA,NA,NA,NA,NA,NA,306987.7,537,2021,KlutinaLake,436,53,136,318,2022,0.534872005,378,164.9
66,MA-2-2021,MA-2-2021,MA-2-21,MA-2,2021-07-18,NA,Mahlo,7/24/21,61.73588,-145.7294181,1.928,43.3,NA,5,NA,12.5,NA,6.3,30.5,F,0.374,2-F3,7,0.654,NA,NA,NA,NA,5.6,NA,NA,1.498,1-H7,N,Y,5,Y,Y,0.17,0.8,1,0.8,0.8,0.7,0.6,1,0.8,,0,10/6/21,141.9,10/11/21,36.2,0.7449,0.2551,NA,10/12/21,4,0.2923,923.3249,24.3645,6.215608879,NA,NA,NA,NA,NA,NA,NA,NA,NA,NA,NA,NA,NA,NA,NA,NA,306987.7,537,2021,KlutinaLake,433,50,125,305,1928,-0.00747931,374,164.9
67,MA-7-2021,MA-7-2021,MA-7-21,MA-7,2021-07-18,NA,Mahlo,7/24/21,61.73588,-145.7294181,1.752,43.2,NA,4.8,NA,12.5,NA,6.6,29,F,0.336,2-F4,6,0.499,NA,NA,NA,NA,5.65,NA,NA,1.378,1-H8,N,Y,5,Y,Y,0.15,0.6,0.6,0.5,0.7,0.6,0.6,0.5,0.7,,0,10/6/21,123.1,10/11/21,27.8,0.7742,0.2258,NA,10/12/21,2,0.2709,955.4635,23.6048,5.330734687,NA,NA,NA,NA,NA,NA,NA,NA,NA,NA,NA,NA,NA,NA,NA,NA,306987.7,537,2021,KlutinaLake,432,48,125,290,1752,-0.243412178,336,164.9
68,MA-9-2021,MA-9-2021,MA-9-21,MA-9,2021-07-18,NA,Mahlo,7/24/21,61.73588,-145.7294181,1.874,45.2,NA,3.8,NA,12.3,NA,7.2,30.4,F,0.356,3-A4,10,1.2,NA,NA,NA,NA,5.95,NA,NA,1.474,2-A4,N,Y,5,Y,Y,0.202,0.5,0.8,0.4,1,0.5,1.1,0.5,1.3,,0,10/6/21,109.4,10/11/21,25.7,0.7651,0.2349,NA,10/12/21,2,0.3686,955.4635,23.264,5.465126143,4,0.3181,923.3249,21.2536,4.992847532,NA,NA,NA,NA,NA,NA,NA,NA,NA,NA,NA,306987.7,537,2021,KlutinaLake,452,38,123,304,1874,0.258170424,356,164.9
69,MA-10-2021,MA-10-2021,MA-10-21,MA-10,2021-07-18,NA,Mahlo,7/24/21,61.73588,-145.7294181,1.686,43.3,NA,3.7,NA,11.3,NA,6.8,28.2,F,0.33,3-A8,10,1.1884,NA,NA,NA,NA,6.05,NA,NA,1.292,2-A8,N,Y,5,Y,Y,0.148,0.5,1,0.5,0.8,0.4,0.6,0.5,0.7,,0,10/6/21,83.1,10/11/21,20.9,0.7485,0.2515,NA,10/12/21,4,0.3308,955.4635,23.6591,5.950363297,NA,NA,NA,NA,NA,NA,NA,NA,NA,NA,NA,NA,NA,NA,NA,NA,306987.7,537,2021,KlutinaLake,433,37,113,282,1686,-0.669807068,330,164.9
72,MA-14-2021,MA-14-2021,MA-14-21,MA-14,2021-08-10,NA,Mahlo,9/5/21,61.73588,-145.7294181,0.906,39.5,NA,3.8,NA,9.8,NA,4.3,22,F,0,4-C4,8,0.6293,NA,NA,NA,NA,3.8,NA,NA,0.848,2-F8,N,Y,5,Y,N,NA,0.4,0.4,0.4,0.5,0.4,0.4,0.6,0.6,Spawned out,2,10/6/21,104.3,10/11/21,18.2,0.8255,0.1745,NA,10/12/21,4,0.2355,955.8343,19.0294,3.320566443,NA,NA,NA,NA,NA,NA,NA,NA,NA,NA,NA,NA,NA,NA,NA,NA,306987.7,537,2021,KlutinaLake,395,38,98,220,906,-2.651243222,0,164.9
75,SA-1-2021,SA-1-2021,SA-1-21,SA-1,2021-07-18,NA,St Anne,7/24/21,61.73953006,-145.9685194,2.122,46.2,NA,4.4,NA,13.6,NA,6.9,31.7,F,0.408,2-F8,10,0.8256,NA,NA,NA,NA,6.2,NA,NA,1.624,1-H12,N,Y,5,Y,Y,0.2,0.5,0.9,0.5,0.5,0.6,0.7,0.7,0.9,,0,10/6/21,72.7,10/11/21,17.1,0.7648,0.2352,NA,10/12/21,4,0.3008,923.3249,23.5817,5.546727235,NA,NA,NA,NA,NA,NA,NA,NA,NA,NA,NA,NA,NA,NA,NA,NA,319323.05,531,2021,KlutinaLake,462,44,136,317,2122,0.978466663,408,169.6
76,SA-3-2021,SA-3-2021,SA-3-21,SA-3,2021-07-18,NA,St Anne,7/24/21,61.73953006,-145.9685194,1.96,45.8,NA,5.6,NA,12.7,NA,6.3,30.2,F,0.382,2-F5,7,0.8175,NA,NA,NA,NA,5.6,NA,NA,1.538,1-H9,N,Y,5,Y,Y,0.176,0.7,0.7,0.7,0.6,0.7,0.6,0.6,0.7,,0,10/6/21,115.6,10/11/21,28.6,0.7526,0.2474,NA,10/12/21,4,0.3771,923.3249,22.171,5.485212803,NA,NA,NA,NA,NA,NA,NA,NA,NA,NA,NA,NA,NA,NA,NA,NA,319323.05,531,2021,KlutinaLake,458,56,127,302,1960,0.443983182,382,169.6
77,SA-4-2021,SA-4-2021,SA-4-21,SA-4,2021-07-18,NA,St Anne,7/24/21,61.73953006,-145.9685194,1.722,44.2,NA,4.5,NA,12.8,NA,6.6,29.8,F,0.338,2-F6,7,0.9003,NA,NA,NA,NA,5.8,NA,NA,1.34,1-H10,N,Y,5,Y,Y,0.056,0.6,0.6,0.8,0.7,0.6,0.7,0.6,1,,0,10/6/21,144.6,10/11/21,33.9,0.7656,0.2344,NA,10/12/21,2,0.3161,955.8343,24.4966,5.742978838,4,0.337,923.3249,23.4965,5.50851556,NA,NA,NA,NA,NA,NA,NA,NA,NA,NA,NA,319323.05,531,2021,KlutinaLake,442,45,128,298,1722,0.131127593,338,169.6
78,SA-7-2021,SA-7-2021,SA-7-21,SA-7,2021-07-18,NA,St Anne,7/24/21,61.73953006,-145.9685194,1.782,44.8,NA,3.8,NA,12.4,NA,6.2,30.1,F,0.346,3-A3,10,1.2252,NA,NA,NA,NA,5.8,NA,NA,1.382,2-A3,N,Y,5,Y,Y,0.126,0.4,0.6,0.4,0.4,0.4,0.5,0.6,1,,0,10/6/21,93.7,10/11/21,21.9,0.7663,0.2337,NA,10/13/21,4,0.3286,955.8343,21.604,5.049387407,NA,NA,NA,NA,NA,NA,NA,NA,NA,NA,NA,NA,NA,NA,NA,NA,319323.05,531,2021,KlutinaLake,448,38,124,301,1782,0.171322233,346,169.6
79,SA-8-2021,SA-8-2021,SA-8-21,SA-8,2021-07-18,NA,St Anne,7/24/21,61.73953006,-145.9685194,1.89,46.2,NA,4,NA,13.1,NA,5.9,30.6,F,0.352,3-A2,10,0.996,NA,NA,NA,NA,6,NA,NA,1.554,2-A2,N,Y,5,Y,Y,0.036,0.8,0.5,0.4,0.4,0.4,0.6,0.5,0.7,,0,10/6/21,78.2,10/11/21,18.6,0.7621,0.2379,NA,10/13/21,2,0.36,923.3249,21.2416,5.052349872,NA,NA,NA,NA,NA,NA,NA,NA,NA,NA,NA,NA,NA,NA,NA,NA,319323.05,531,2021,KlutinaLake,462,40,131,306,1890,0.681878431,352,169.6
83,SA-14-2021,SA-14-2021,SA-14-21,SA-14,2021-08-10,NA,St Anne,9/3/21,61.73953006,-145.9685194,1.218,43.5,NA,5,NA,10.5,NA,4.8,24.1,F,0,3-D2,5,0.89,NA,NA,NA,NA,6.95,NA,NA,1.132,2-C2,N,Y,5,Y,N,NA,0.6,0.7,0.5,0.8,0.4,0.5,0.9,0.7,spawned out,2,10/7/21,66.3,10/10/21,15.6,0.7647,0.2353,NA,10/13/21,4,0.3028,955.8343,16.8897,3.974047059,NA,NA,NA,NA,NA,NA,NA,NA,NA,NA,NA,NA,NA,NA,NA,NA,319323.05,531,2021,KlutinaLake,435,50,105,241,1218,-1.449672371,0,169.6
85,LL-2-2021,LL-2-2021,LL-2-21,LL-L-2,2021-08-22,NA,Long Lake,9/4/21,61.37920879,-143.30713,1.454,42.8,NA,3.3,NA,10,NA,6.5,25.6,F,0.112,4-A7,9,0.38,NA,NA,NA,NA,3.4,NA,NA,1.308,2-E7,N,Y,5,Y,Y,0.052,0.8,0.9,0.7,0.8,0.7,0.9,0.8,0.8,,0,10/11/21,80.6,10/15/21,25.3,0.6861,0.3139,NA,10/15/21,4,0.4327,923.3249,24.2873,7.623681017,NA,NA,NA,NA,NA,NA,NA,NA,NA,NA,NA,NA,NA,NA,NA,NA,258752.38,430,2021,Chitina,428,33,100,256,1454,-1.491201299,112,111.3
86,LL-5-2021,LL-5-2021,LL-5-21,LL-L-5,2021-08-22,NA,Long Lake,9/4/21,61.37920879,-143.30713,1.618,44,NA,3.8,NA,10.3,NA,6.4,26.3,F,0.16,4-B5,10,0.4436,NA,NA,NA,NA,3.4,NA,NA,1.41,2-F1,N,Y,5,Y,Y,0.08,0.7,0.6,0.6,0.6,0.7,0.6,0.6,0.8,,0,10/11/21,69.3,10/15/21,20.2,0.7085,0.2915,NA,10/15/21,2,0.3738,955.8343,23.8339,6.947255123,NA,NA,NA,NA,NA,NA,NA,NA,NA,NA,NA,NA,NA,NA,NA,NA,258752.38,430,2021,Chitina,440,38,103,263,1618,-1.095973432,160,111.3
87,LL-6-2021,LL-6-2021,LL-6-21,LL-L-6,2021-08-26,NA,Long Lake,9/4/21,61.37920879,-143.30713,1.606,43,NA,3.5,NA,10.8,NA,6.3,27.3,F,0.144,4-B1,10,0.5408,NA,NA,NA,NA,3.6,NA,NA,1.402,2-E9,N,Y,5,Y,Y,0.066,0.9,1.3,1,0.8,0.6,1,0.6,1.6,,0,10/11/21,98.7,10/15/21,29.8,0.6981,0.3019,NA,10/15/21,4,0.3255,923.3249,22.8076,6.886185208,NA,NA,NA,NA,NA,NA,NA,NA,NA,NA,NA,NA,NA,NA,NA,NA,258752.38,430,2021,Chitina,430,35,108,273,1606,-0.990150385,144,111.3
88,LL-7-2021,LL-7-2021,LL-7-21,LL-L-7,2021-08-26,NA,Long Lake,9/5/21,61.37920879,-143.30713,1.886,47.2,NA,5,NA,11.2,NA,6.3,27.3,F,0.152,4-D6,6,0.692,NA,NA,NA,NA,4.59,NA,NA,1.682,2-G6,N,Y,5,Y,Y,0.082,1.7,1.4,1.5,1,1.2,0.9,1.4,1.4,,0,10/15/21,81.3,10/19/21,22.3,0.7257,0.2743,NA,10/19/21,4,0.3398,923.3249,23.6049,6.474652768,NA,NA,NA,NA,NA,NA,NA,NA,NA,NA,NA,NA,NA,NA,NA,NA,258752.38,430,2021,Chitina,472,50,112,273,1886,-0.14086955,152,111.3
89,LL-9-2021,LL-9-2021,LL-9-21,LL-L-9,2021-08-26,NA,Long Lake,9/5/21,61.37920879,-143.30713,1.378,41.5,NA,4.2,NA,10.5,NA,6,26,F,0.1,4-C1,5,0.2126,NA,NA,NA,NA,3.7,NA,NA,1.23,2-F5,N,Y,5,Y,Y,0.048,1.2,1.8,1,1.2,0.9,1,0.8,1.1,,0,10/15/21,101.8,10/19/21,28.1,0.724,0.276,NA,10/19/21,2,0.3169,955.8343,24.8353,6.855323477,NA,NA,NA,NA,NA,NA,NA,NA,NA,NA,NA,NA,NA,NA,NA,NA,258752.38,430,2021,Chitina,415,42,105,260,1378,-1.525566276,100,111.3
90,LL-14-2021,LL-14-2021,LL-14-21,LL-L-14,2021-09-23,NA,Long Lake,9/24/21,61.37920879,-143.30713,1.348,NA,40.7,NA,4.8,NA,10.6,NA,26.2,F,0.052,4-E7,10,0.7305,NA,NA,NA,NA,5.3,NA,NA,1.246,2-H3,N,Y,NA,Y,Y,NA,0.4,0.5,0.4,0.5,0.4,0.4,5,0.4,Eggs with worms,3,10/15/21,159.1,10/20/21,30.9,0.8058,0.1942,NA,10/20/21,4,0.2792,923.3249,20.4174,3.965415839,NA,NA,NA,NA,NA,NA,NA,NA,NA,NA,NA,NA,NA,NA,NA,NA,258752.38,430,2021,Chitina,426.3330519,NA,107.2934903,262,1348,-1.234148078,52,111.3
91,LL-15-2021,LL-15-2021,LL-15-21,LL-L-15,2021-09-23,NA,Long Lake,9/24/21,61.37920879,-143.30713,1.48,NA,41.5,NA,4.3,NA,11.9,NA,28,F,0.208,4-F2,10,0.8253,NA,NA,NA,NA,5,NA,NA,1.23,2-H6,N,Y,NA,Y,Y,NA,0.5,0.5,0.5,0.5,0.5,0.5,0.6,0.5,"probably prespawn, eggs loose",0,10/15/21,146.3,10/20/21,30.8,0.7895,0.2105,NA,10/20/21,2,0.3392,955.8343,21.655,4.558947368,NA,NA,NA,NA,NA,NA,NA,NA,NA,NA,NA,NA,NA,NA,NA,NA,258752.38,430,2021,Chitina,433.6346546,NA,114.0455599,280,1480,-0.659189677,208,111.3
92,LL-16-2021,LL-16-2021,LL-16-21,LL-L-16,2021-09-23,NA,Long Lake,9/24/21,61.37920879,-143.30713,1.516,NA,42.7,NA,4.5,NA,12.5,NA,27.4,F,0.108,4-F3,10,0.7907,NA,NA,NA,NA,4.8,NA,NA,1.366,2-H7,N,Y,NA,Y,Y,NA,0.6,0.4,0.4,0.4,0.5,0.4,0.5,0.4,loose eggs maybe partial spawn,1,10/15/21,194.1,10/20/21,40.1,0.7934,0.2066,NA,10/20/21,4,0.409,923.3249,19.814,4.093464194,NA,NA,NA,NA,NA,NA,NA,NA,NA,NA,NA,NA,NA,NA,NA,NA,258752.38,430,2021,Chitina,435.6260008,NA,111.79487,274,1516,-0.772865313,108,111.3
93,LL-17-2021,LL-17-2021,LL-17-21,LL-L-17,2021-09-23,NA,Long Lake,9/24/21,61.37920879,-143.30713,1.686,NA,41.6,NA,4.7,NA,12.8,NA,30.2,F,0.228,4-E8,10,0.7326,NA,NA,NA,NA,5.1,NA,NA,1.414,2-H4,N,Y,NA,Y,Y,NA,0.5,0.5,0.5,0.5,0.5,0.5,0.8,0.5,"maybe prespawn, but most eggs loose",0,10/15/21,188.2,10/20/21,36.7,0.805,0.195,NA,10/20/21,2,0.4124,955.8343,22.4969,4.387015037,NA,NA,NA,NA,NA,NA,NA,NA,NA,NA,NA,NA,NA,NA,NA,NA,258752.38,430,2021,Chitina,445.0295801,NA,122.2980894,302,1686,0.087074507,228,111.3
94,LL-18-2021,LL-18-2021,LL-18-21,LL-L-18,2021-09-23,NA,Long Lake,9/24/21,61.37920879,-143.30713,1.95,NA,45,NA,5,NA,13.8,NA,31.5,F,0.302,4-F1,10,1.036,NA,NA,NA,NA,5.2,NA,NA,1.616,2-H5,N,Y,NA,Y,Y,NA,0.5,0.6,0.6,0.6,0.5,0.5,0.5,0.5,"prespawn but loose eggs, eggs wth worms",0,10/15/21,177.8,10/20/21,37.3,0.7902,0.2098,NA,10/20/21,4,0.3826,923.3249,21.0635,4.41883324,NA,NA,NA,NA,NA,NA,NA,NA,NA,NA,NA,NA,NA,NA,NA,NA,258752.38,430,2021,Chitina,459.6327856,NA,127.1745841,315,1950,0.666724096,302,111.3
95,GH-6-2021,GH-6-2021,GH-6-21,GH-6,2021-08-31,NA,Gulkana Hatchery,9/4/21,63.06732669,-145.5138318,2.152,49.2,NA,4.4,NA,11.8,NA,8,29.8,F,0.376,4-A8,10,1.158,NA,NA,NA,NA,5.1,NA,NA,1.744,2-E8,Y,Y,5,Y,Y,0.188,NA,NA,NA,NA,NA,NA,NA,NA,,0,10/15/21,73.9,10/19/21,19.1,0.7415,0.2585,NA,10/19/21,4,0.3155,923.3249,22.7438,5.878302842,NA,NA,NA,NA,NA,NA,NA,NA,NA,NA,NA,NA,NA,NA,NA,NA,468383.14,909,2021,GulkanaHatchery,492,44,118,298,2152,0.739197048,376,425.8
96,GH-7-2021,GH-7-2021,GH-7-21,GH-7,2021-08-31,NA,Gulkana Hatchery,9/5/21,63.06732669,-145.5138318,2.052,47,NA,5.7,NA,11.9,NA,6.7,29.8,F,0.392,4-C8,6,0.6606,NA,NA,NA,NA,4.65,NA,NA,1.628,2-F12,Y,Y,5,Y,Y,0.178,0.9,0.8,0.7,0.6,0.7,1,1.2,1.1,,0,10/15/21,85.8,10/19/21,22.3,0.7401,0.2599,NA,10/19/21,2,0.4254,955.8343,23.8192,6.190771096,4,0.3796,923.3249,22.8309,5.933905245,NA,NA,NA,NA,NA,NA,NA,NA,NA,NA,NA,468383.14,909,2021,GulkanaHatchery,470,57,119,298,2052,0.378831288,392,425.8
97,GH-8-2021,GH-8-2021,GH-8-21,GH-8,2021-08-31,NA,Gulkana Hatchery,9/4/21,63.06732669,-145.5138318,1.984,47.9,NA,4.6,NA,11.7,NA,6,28.8,F,0.312,4-A2,10,0.8205,NA,NA,NA,NA,4.4,NA,NA,1.63,2-E2,Y,Y,5,Y,Y,0.118,0.6,0.7,0.5,0.6,0.6,0.7,0.6,0.6,,0,10/15/21,83.9,10/19/21,22.8,0.7282,0.2718,NA,10/21/21,4,0.359,923.3249,22.3351,6.069610012,NA,NA,NA,NA,NA,NA,NA,NA,NA,NA,NA,NA,NA,NA,NA,NA,468383.14,909,2021,GulkanaHatchery,479,46,117,288,1984,0.337282899,312,425.8
98,GH-9-2021,GH-9-2021,GH-9-21,GH-9,2021-08-31,NA,Gulkana Hatchery,9/5/21,63.06732669,-145.5138318,1.668,45.6,NA,5.4,NA,10.8,NA,6.2,27,F,0.306,4-C6,10,1.1347,NA,NA,NA,NA,5.1,NA,NA,1.324,2-F10,Y,Y,5,Y,Y,0.142,0.7,0.5,0.6,0.5,0.7,0.6,1,0.5,,0,10/15/21,96.3,10/19/21,22.3,0.7684,0.2316,NA,10/21/21,2,0.3188,955.8343,23.8833,5.530608411,NA,NA,NA,NA,NA,NA,NA,NA,NA,NA,NA,NA,NA,NA,NA,NA,468383.14,909,2021,GulkanaHatchery,456,54,108,270,1668,-0.575663962,306,425.8
99,GH-10-2021,GH-10-2021,GH-10-21,GH-10,2021-08-31,NA,Gulkana Hatchery,9/4/21,63.06732669,-145.5138318,1.536,44.4,NA,4.2,NA,10.1,NA,6.7,26.4,F,0.312,4-A6,10,0.8578,NA,NA,NA,NA,4.75,NA,NA,1.188,2-E6,Y,Y,5,Y,Y,0.16,0.4,0.5,0.5,0.5,0.5,0.5,0.5,0.5,,0,10/15/21,65.8,10/19/21,16.4,0.7508,0.2492,NA,10/21/21,4,0.3103,923.3249,21.0763,5.253059574,NA,NA,NA,NA,NA,NA,NA,NA,NA,NA,NA,NA,NA,NA,NA,NA,468383.14,909,2021,GulkanaHatchery,444,42,101,264,1536,-1.065532064,312,425.8
100,FC-3-2021,FC-3-2021,FC-3-21,FC-3,2021-07-14,NA,Fish Creek Gulkana,7/24/21,63.1000428,-145.481274,2.1,47,NA,5.2,NA,12.5,NA,6.5,31.3,F,0.282,2-F1,6,0.3134,NA,NA,NA,NA,5.5,NA,NA,1.74,1-H5,N,Y,5,Y,Y,0.146,1.5,1.4,1.3,1.1,1.4,1.1,1.3,1.5,,0,10/15/21,138.3,10/20/21,39,0.718,0.282,NA,10/21/21,4,0.2973,923.3249,23.8397,6.722691974,NA,NA,NA,NA,NA,NA,NA,NA,NA,NA,NA,NA,NA,NA,NA,NA,473968.02,988,2021,Gulkana,470,52,125,313,2100,0.760934577,282,468.3
101,FC-6-2021,FC-6-2021,FC-6-21,FC-6,2021-07-14,NA,Fish Creek Gulkana,7/24/21,63.1000428,-145.481274,1.714,43.3,NA,4,NA,10.5,NA,6.5,27.5,F,0.228,3-A1,10,0.6402,NA,NA,NA,NA,5.45,NA,NA,1.43,2-A1,N,Y,5,Y,Y,0.102,1.3,1.1,1.3,0.9,1.1,1,1.2,1,,0,10/15/21,78,10/19/21,21.3,0.7269,0.2731,NA,10/21/21,2,0.3549,955.8343,24.748,6.758107692,NA,NA,NA,NA,NA,NA,NA,NA,NA,NA,NA,NA,NA,NA,NA,NA,473968.02,988,2021,Gulkana,433,40,105,275,1714,-0.990074595,228,468.3
102,FC-8-2021,FC-8-2021,FC-8-21,FC-8,2021-07-14,NA,Fish Creek Gulkana,7/24/21,63.1000428,-145.481274,1.608,44.3,NA,5,NA,10.6,NA,6.2,26.6,F,0.226,2-E3,5,0.2661,NA,NA,NA,NA,5.25,NA,NA,1.332,1-G11,N,Y,5,Y,Y,0.098,0.7,0.7,0.8,1.3,0.7,0.7,0.7,0.8,,0,10/15/21,97.1,10/19/21,27.9,0.7127,0.2873,NA,10/21/21,2,0.3574,955.8343,23.6535,6.79642276,NA,NA,NA,NA,NA,NA,NA,NA,NA,NA,NA,NA,NA,NA,NA,NA,473968.02,988,2021,Gulkana,443,50,106,266,1608,-0.917551995,226,468.3
103,FC-9-2021,FC-9-2021,FC-9-21,FC-9,2021-07-14,NA,Fish Creek Gulkana,7/24/21,63.1000428,-145.481274,1.766,45.3,NA,5,NA,10.5,NA,6.7,27.2,F,0.228,2-E4,5,0.3688,NA,NA,NA,NA,4.95,NA,NA,1.488,1-G12,N,Y,5,Y,Y,0.102,1,0.8,0.9,1.2,0.9,1.2,1.5,1.4,,0,10/15/21,109.9,10/19/21,29.9,0.7279,0.2721,NA,10/21/21,4,0.269,923.3249,23.5201,6.399008098,2,0.3466,955.8343,25.4668,6.928638035,NA,NA,NA,NA,NA,NA,NA,NA,NA,NA,NA,473968.02,988,2021,Gulkana,453,50,105,272,1766,-0.681314812,228,468.3
104,FC-10-2021,FC-10-2021,FC-10-21,FC-10,2021-07-14,NA,Fish Creek Gulkana,7/24/21,63.1000428,-145.481274,1.812,45,NA,4.4,NA,11.4,NA,6.4,28.3,F,0.236,3-A6,10,0.6547,NA,NA,NA,NA,5.5,NA,NA,1.508,2-A6,N,Y,5,Y,Y,0.108,0.6,1.1,0.8,0.6,0.9,1.1,1,1.2,,0,10/15/21,95.7,10/19/21,27.3,0.7147,0.2853,NA,10/21/21,4,0.4741,923.3249,23.4075,6.677374608,NA,NA,NA,NA,NA,NA,NA,NA,NA,NA,NA,NA,NA,NA,NA,NA,473968.02,988,2021,Gulkana,450,44,114,283,1812,-0.328395548,236,468.3
105,MN-2-2021,MN-2-2021,MN-2-21,MN-2,2021-07-08,NA,Mentasta,7/23/21,62.94958,-143.35984,2.214,45.6,NA,4.3,NA,11.5,NA,8.6,30.9,F,0.476,2-B2,10,1.0445,NA,NA,NA,NA,5.3,NA,NA,1.68,1-E10,N,Y,5,Y,Y,0.286,0.8,0.5,0.5,1,0.7,1.2,1.2,1.3,,0,10/19/21,103.7,10/23/21,25.1,0.758,0.242,NA,10/27/21,4,0.3382,923.3249,22.986,5.56363163,NA,NA,NA,NA,NA,NA,NA,NA,NA,NA,NA,NA,NA,NA,NA,NA,472102.04,678,2021,Slana,456,43,115,309,2214,0.183036732,476,320.1
106,MN-4-2021,MN-4-2021,MN-4-21,MN-4,2021-07-08,NA,Mentasta,7/24/21,62.94958,-143.35984,1.7,45.1,NA,4.8,NA,11.6,NA,6.3,28,F,0.288,2-D6,5,0.274,NA,NA,NA,NA,5.8,NA,NA,1.376,1-G6,N,Y,5,Y,Y,0.092,1.1,0.6,1.1,0.6,0.7,0.8,0.9,1.3,,0,10/19/21,100,10/23/21,23.1,0.769,0.231,NA,10/27/21,4,0.3411,923.3249,22.1992,5.1280152,NA,NA,NA,NA,NA,NA,NA,NA,NA,NA,NA,NA,NA,NA,NA,NA,472102.04,678,2021,Slana,451,48,116,280,1700,-0.299839617,288,320.1
107,MN-7-2021,MN-7-2021,MN-7-21,MN-7,2021-07-08,NA,Mentasta,7/24/21,62.94958,-143.35984,1.754,44.2,NA,5.3,NA,11.8,NA,6.8,28.8,F,0.32,2-D8,5,0.135,NA,NA,NA,NA,5.5,NA,NA,1.396,1-G8,N,Y,5,Y,Y,0.142,1.1,0.9,0.9,0.7,0.8,0.7,1.5,1.1,,0,10/20/21,103.4,10/23/21,25.6,0.7524,0.2476,NA,10/27/21,2,0.3955,923.3914,24.2603,6.006418569,NA,NA,NA,NA,NA,NA,NA,NA,NA,NA,NA,NA,NA,NA,NA,NA,472102.04,678,2021,Slana,442,53,118,288,1754,-0.287399462,320,320.1
108,MN-8-2021,MN-8-2021,MN-8-21,MN-8,2021-07-08,NA,Mentasta,7/24/21,62.94958,-143.35984,2.06,46,NA,5.8,NA,12,NA,7.6,28.8,F,0.374,2-D7,5,0.1021,NA,NA,NA,NA,5.1,NA,NA,1.648,1-G7,N,Y,5,Y,Y,0.172,0.7,0.7,0.7,1,0.8,0.7,0.9,0.5,,0,10/20/21,117.3,10/23/21,28.3,0.7587,0.2413,NA,10/27/21,4,0.3992,923.3249,23.0109,5.551649361,NA,NA,NA,NA,NA,NA,NA,NA,NA,NA,NA,NA,NA,NA,NA,NA,472102.04,678,2021,Slana,460,58,120,288,2060,0.084377635,374,320.1
109,MN-9-2021,MN-9-2021,MN-9-21,MN-9,2021-07-08,NA,Mentasta,7/24/21,62.94958,-143.35984,1.886,44.8,NA,5.5,NA,12.7,NA,6.4,29.3,F,0.318,2-F2,7,0.6286,NA,NA,NA,NA,5.5,NA,NA,1.52,1-H6,N,Y,5,Y,Y,0.13,0.6,0.5,0.6,0.6,0.6,0.6,1,0.6,,0,10/29/21,129.4,11/3/21,31.5,0.7566,0.2434,NA,11/3/21,4,0.4725,923.3249,22.8553,5.563693586,NA,NA,NA,NA,NA,NA,NA,NA,NA,NA,NA,NA,NA,NA,NA,NA,472102.04,678,2021,Slana,448,55,127,293,1886,0.136785058,318,320.1
110,MN-10-2021,MN-10-2021,MN-10-21,MN-10,2021-07-08,NA,Mentasta,7/24/21,62.94958,-143.35984,1.81,45,NA,4.6,NA,11.3,NA,6.4,28.3,F,0.3,2-E1,5,0.6616,NA,NA,NA,NA,4.8,NA,NA,1.458,1-G9,N,Y,5,Y,Y,0.096,0.7,0.7,0.5,0.8,0.8,0.7,0.7,0.8,,0,10/29/21,139.6,11/3/21,30.5,0.7815,0.2185,NA,11/3/21,2,0.4628,923.3914,22.3935,4.892562679,NA,NA,NA,NA,NA,NA,NA,NA,NA,NA,NA,NA,NA,NA,NA,NA,472102.04,678,2021,Slana,450,46,113,283,1810,-0.355694136,300,320.1
115,TN-1-2021,TN-1-2021,N/A,N/A,2021-08-04,NA,Tanada,9/5/21,62.45133,-143.382153,1.6,45.6,NA,4.5,NA,11.5,NA,5.9,26.4,F,0.146,4-C5,6,0.3826,NA,NA,NA,NA,3.75,NA,NA,1.394,2-F9,N,Y,5,Y,Y,0.076,0.9,0.7,0.8,0.7,0.6,0.7,0.7,0.9,Mort- no gill clip,0,10/29/21,119.1,11/3/21,31.7,0.7338,0.2662,NA,11/4/21,2,0.3162,923.3914,23.8957,6.360148531,NA,NA,NA,NA,NA,NA,NA,NA,NA,NA,NA,NA,NA,NA,NA,NA,472343.24,887,2021,TanadaCopperLakes,456,45,115,264,1600,-0.471898549,146,419
116,TN-3-2021,TN-3-2021,TN-3-21,TN-3,2021-08-04,NA,Tanada,9/5/21,62.45133,-143.382153,1.944,47.5,NA,4.7,NA,12,NA,6.2,29,F,0.168,4-D5,7,0.488,NA,NA,NA,NA,4.7,NA,NA,1.721,2-G5,N,Y,5,Y,Y,0.074,1.7,1.5,1.2,0.9,0.9,0.8,1,0.9,,0,10/29/21,107.3,11/3/21,28.6,0.7335,0.2665,NA,11/4/21,2,0.2719,923.3914,23.577,6.28427027,NA,NA,NA,NA,NA,NA,NA,NA,NA,NA,NA,NA,NA,NA,NA,NA,472343.24,887,2021,TanadaCopperLakes,475,47,120,290,1944,0.377802471,168,419
117,TN-5-2021,TN-5-2021,TN-5-21,TN-5,2021-08-04,NA,Tanada,9/4/21,62.45133,-143.382153,1.77,45.5,NA,4,NA,10.5,NA,6.8,26.8,F,0.156,4-B3,10,0.498,NA,NA,NA,NA,3.25,NA,NA,1.556,2-E11,N,Y,5,Y,Y,0.072,1.2,1,0.8,0.9,0.7,1.2,0.7,1,,0,10/29/21,78.9,11/3/21,21.8,0.7237,0.2763,NA,11/4/21,2,0.2455,923.3914,24.1094,6.66140583,NA,NA,NA,NA,NA,NA,NA,NA,NA,NA,NA,NA,NA,NA,NA,NA,472343.24,887,2021,TanadaCopperLakes,455,40,105,268,1770,-0.704289068,156,419
118,TN-8-2021,TN-8-2021,TN-8-21,TN-8,2021-08-04,NA,Tanada,9/5/21,62.45133,-143.382153,1.462,44.4,NA,4.2,NA,10.8,NA,6.3,26,F,0.14,4-C2,5,0.2528,NA,NA,NA,NA,3.5,NA,NA,1.27,2-F6,N,Y,5,Y,Y,0.064,1,1.1,1.1,0.8,0.8,0.7,0.9,1,,0,10/29/21,117,11/3/21,30.2,0.7419,0.2581,NA,11/4/21,2,0.2636,923.3914,23.5525,6.079363248,2,0.2942,923.3914,22.5869,5.830122906,NA,NA,NA,NA,NA,NA,NA,NA,NA,NA,NA,472343.24,887,2021,TanadaCopperLakes,444,42,108,260,1462,-0.932658417,140,419
119,TN-9-2021,TN-9-2021,TN-9-21,TN-9,2021-08-04,NA,Tanada,9/5/21,62.45133,-143.382153,1.78,46.6,NA,4.6,NA,11.7,NA,6.2,28,F,0.218,4-D7,6,0.7129,NA,NA,NA,NA,4.05,NA,NA,1.504,2-G7,N,Y,5,Y,Y,0.092,1.1,1,1.1,1.2,0.8,0.9,0.8,0.7,,0,10/29/21,77.3,11/3/21,21.2,0.7257,0.2743,NA,11/4/21,2,0.3285,922.7887,21.8297,5.986929366,NA,NA,NA,NA,NA,NA,NA,NA,NA,NA,NA,NA,NA,NA,NA,NA,472343.24,887,2021,TanadaCopperLakes,466,46,117,280,1780,-0.008224428,218,419
120,TN-11-2021,TN-11-2021,TN-11-21,TN-11,2021-08-04,NA,Tanada,9/5/21,62.45133,-143.382153,1.412,42.5,NA,3.8,NA,11.3,NA,5.6,26.6,F,0.152,4-E1,8,0.6249,NA,NA,NA,NA,3.75,NA,NA,1.21,2-G9,N,Y,5,Y,Y,0.066,0.9,0.9,0.8,0.8,0.7,0.7,1.1,0.8,,0,10/29/21,102.8,11/3/21,27.2,0.7354,0.2646,NA,11/4/21,2,0.3422,922.7887,24.3945,6.454575875,NA,NA,NA,NA,NA,NA,NA,NA,NA,NA,NA,NA,NA,NA,NA,NA,472343.24,887,2021,TanadaCopperLakes,425,38,113,266,1412,-1.043641799,152,419