Fish_ID_Revised,Fish_ID,GillClip_ID_Revised,GillClip_ID,Collection_Date,RunTimingGroup,Collection_Location,Processing_Date,Col_Location_Lat,Col_Location_Long,Sex,Gonad_Wt,DWP.,Fem_Fecun_1_num,Fem_Fecun_1_wt,Fem_Fecun_2_num,Fem_Fecun_2_wt,Fem_Fecun_3_num,Fem_Fecun_3_wt,Fem_Egg_Sz_1,Fem_Egg_Sz_2,Fem_Egg_Sz_3,Carcass.guts_Wt,Oto_Well_ID,Strontium_marked_Y.N,Scales_Y.N,Scales_num,Fish_Ground_Y.N,Gonad_Saved_Y.N,Gonad_Saved_wt,Fat_Meter_1._L,Fat_Meter_1._R,Fat_Meter_2._L,Fat_Meter_2._R,Fat_Meter_3._L,Fat_Meter_3._R,Fat_Meter_4._L,Fat_Meter_4._R,Date_LabDryStart,Fish.BagWt_g,Date_LabDryFinal,DryFish.BagWt_g,Pwater,Pdry,Dry_Comments,Date_BCProcess,Bomb_ID_1,Bomb_PelletWt_g_1,EE_Value_1,EnergyDensity_mJ.kg_1,EnergyPDry_1,Bomb_ID_2,Bomb_PelletWt_g_2,EE_value_2,EnergyDensity_mJ.kg_2,EnergyPDry_2,Bomb_ID_3,Bomb_PelletWt_g_3,EE_value_3,EnergyDensity_mJ.kg_3,EnergyPDry_3,Bomb_ID_4,Bomb_PelletWt_g_4,EE_value_4,EnergyDensity_mJ.kg_4,EnergyPDry_4,Collection_RiverMile_m,Elevation_m,Year,Fish_Leng_1_mm,Fish_Ht_mm,Fish_Grth_mm,Fish_Wdth_mm,bodysize_pc_g_mm,EnergyPDry_1_mJ_g,Carcass.guts_Wt_g,TotalEnergy_carcass_g,fineness
CC-1-2019,CC1-2019,CC-1-19,CC1,2019-06-01,Early,Canyon Creek,7/10/19,61.40097,-144.51765,F,0.19,N/A,75,7.7077,77,7.4459,78,7.2065,4,4.3,4.2,1.608,1-A1,N,Y,5,Y,Y,0.062,6.7,7.5,6.6,5.7,5,3.4,2.1,1.4,9/25/19,234.3,10/2/19,71.9,0.6931,0.3069,NA,10/5/19,4,0.4171,923.5644,25.9311,7.957516389,4,0.2856,923.5644,26.0359,7.989676526,2,0.3265,924.0889,25.6858,7.882240802,NA,NA,NA,NA,NA,128939.07,NA,2019,446,123,287,62.71600262,0.015760485,0.00795752,1608,12.7956864,7.111422626
CC-2-2019,CC2-2019,CC-2-19,CC2,2019-06-01,Early,Canyon Creek,7/12/19,61.40097,-144.51765,F,0.21,N/A,33,4.5863,35,5.783,25,3.8223,4.7,4.9,5.1,1.494,1-A2,N,Y,5,Y,Y,0.096,2.1,2.6,2.7,3.5,1.3,2,1,1.2,9/25/19,214.3,10/2/19,65.2,0.6958,0.3042,NA,10/19/19,4,0.4313,923.5644,24.8424,7.558210359,NA,NA,NA,NA,NA,NA,NA,NA,NA,NA,NA,NA,NA,NA,NA,128939.07,NA,2019,441,112,276,61.25049761,-0.705307522,0.00755821,1494,11.2919663,7.199941506
CC-3-2019,CC3-2019,CC-3-19,CC3,2019-06-01,Early,Canyon Creek,7/12/19,61.40097,-144.51765,M,0.136,N/A,NA,NA,NA,NA,NA,NA,NA,NA,NA,2.094,1-A3,N,Y,5,Y,Y,0.064,2.4,3.5,NA,NA,NA,NA,NA,NA,9/25/19,168.2,10/2/19,48.9,0.7093,0.2907,NA,10/19/19,2,0.3699,924.0889,25.3665,7.374684007,NA,NA,NA,NA,NA,NA,NA,NA,NA,NA,NA,NA,NA,NA,NA,128939.07,NA,2019,483,132,319,64.77334619,1.426826201,0.00737468,2094,15.4425883,7.348701712
CC-4-2019,CC4-2019,CC-4-19,CC4,2019-06-01,Early,Canyon Creek,7/12/19,61.40097,-144.51765,F,0.154,N/A,58,4.6444,73,5.4999,85,6.7225,3.5,3.7,3.6,1.802,1-A4,N,Y,6,Y,Y,0.082,11.5,12.2,10.3,10.5,5.4,6.3,2.3,2.4,9/25/19,239.1,10/2/19,82,0.657,0.343,NA,10/19/19,4,0.4117,923.5644,27.4094,9.400128816,NA,NA,NA,NA,NA,NA,NA,NA,NA,NA,NA,NA,NA,NA,NA,128939.07,NA,2019,476,124,301,62.96964771,0.71914343,0.00940013,1802,16.9390321,7.241584105
CC-5-2019,CC5-2019,CC-5-19,CC5,2019-06-01,Early,Canyon Creek,7/12/19,61.40097,-144.51765,F,0.17,N/A,32,3.9158,50,5.7295,86,8.5641,4.5,4.9,4.7,NA,1-A5,N,Y,5,Y,Y,0.074,5.9,4.6,6.7,4,3.2,2.2,1.4,1.5,9/25/19,258.1,10/2/19,79.8,0.6908,0.3092,NA,10/19/19,2,0.3989,924.0889,25.1993,7.791182255,NA,NA,NA,NA,NA,NA,NA,NA,NA,NA,NA,NA,NA,NA,NA,128939.07,NA,2019,456,126,301,75,0.49236969,0.00779118,NA,NA,6.426666667
CC-6-2019,CC-6-19,CC-6-19,CC-6-19,2019-06-01,Early,Canyon Creek,9/4/19,61.40097,-144.51765,F,0.15,N/A,28,2.1661,35,3.1075,23,2.042,4,4,4.5,2.392,2-E4,N,Y,5,Y,Y,0.086,6.7,6.5,5.9,6.2,3.6,4,1.8,1.8,9/25/19,269.3,10/2/19,85.1,0.684,0.316,NA,10/19/19,4,0.3437,923.5644,25.7287,8.130383847,NA,NA,NA,NA,NA,NA,NA,NA,NA,NA,NA,NA,NA,NA,NA,128939.07,NA,2019,482,125,316,65.16790523,1.054548678,0.00813038,2392,19.4478782,6.92058458
CC-7-2019,CC-7-19,CC-7-19,CC-7-19,2019-06-01,Early,Canyon Creek,9/4/19,61.40097,-144.51765,M,0.04,N/A,NA,NA,NA,NA,NA,NA,NA,NA,NA,2.598,2-E3,N,Y,5,Y,Y,0.022,5.8,5.1,5.2,4.5,3.1,2.7,1.3,1.2,9/25/19,286.1,10/2/19,89,0.6889,0.3111,NA,10/19/19,2,0.4513,924.0889,25.8823,8.05146697,NA,NA,NA,NA,NA,NA,NA,NA,NA,NA,NA,NA,NA,NA,NA,128939.07,NA,2019,501,123,326,67.81708735,1.395325661,0.00805147,2598,20.9177112,7.018880028
CC-8-2019,CC-8-19,CC-8-19,CC-8-19,2019-06-01,Early,Canyon Creek,9/4/19,61.40097,-144.51765,M,0.038,N/A,NA,NA,NA,NA,NA,NA,NA,NA,NA,2.208,2-E5,N,Y,5,Y,Y,0.014,6.5,6.3,6.3,5.5,3.6,3.2,2.1,1.9,9/25/19,284.8,10/2/19,91.8,0.6777,0.3223,NA,10/19/19,4,0.4467,923.5644,25.8971,8.34745007,NA,NA,NA,NA,NA,NA,NA,NA,NA,NA,NA,NA,NA,NA,NA,128939.07,NA,2019,455,125,314,57.89674576,0.599987269,0.00834745,2208,18.4311698,7.28883799
CC-9-2019,CC9-2019,CC-9-19,CC9,2019-06-01,Early,Canyon Creek,7/20/19,61.40097,-144.51765,F,0.178,N/A,121,7.5642,150,8.0002,55,5.3414,4.7,4.3,4.9,1.786,1-A11,N,Y,6,Y,Y,0.094,6.1,6.8,5.9,5.4,2.7,3.3,1.1,1.4,10/2/19,80,10/7/19,26.1,0.6738,0.3263,NA,10/19/19,2,0.2783,924.0889,25.4881,8.315492625,NA,NA,NA,NA,NA,NA,NA,NA,NA,NA,NA,NA,NA,NA,NA,128939.07,NA,2019,451,122,299,71.84722613,0.205631728,0.00831549,1786,14.8514698,6.833945115
CC-10-2019,CC10-2019,CC-10-19,CC10,2019-06-01,Early,Canyon Creek,7/20/19,61.40097,-144.51765,M,0.11,N/A,NA,NA,NA,NA,NA,NA,NA,NA,NA,1.008,1-A9,N,Y,6,Y,Y,0.048,4.3,3,2.4,2.3,1.9,1.2,0.7,1,10/2/19,124.3,10/7/19,36.7,0.7047,0.2953,NA,10/19/19,4,0.2753,923.5644,24.9713,7.372861706,NA,NA,NA,NA,NA,NA,NA,NA,NA,NA,NA,NA,NA,NA,NA,128939.07,NA,2019,395,102,244,64.4915183,-2.304583958,0.00737286,1008,7.4318446,7.024179488
CC-11-2019,CC11-2019,CC-11-19,CC11,2019-06-07,Early,Canyon Creek,7/20/19,61.40097,-144.51765,F,0.11,N/A,50,2.437,86,4.3318,107,4.4964,3,3.5,3.2,2.054,NA lost,N,Y,NA,Y,Y,0.046,12,8.5,12.1,9,6.4,5.8,2.8,2,10/2/19,167.5,10/7/19,57,0.6597,0.3403,NA,10/19/19,2,0.3781,924.0889,26.7957,9.118536716,NA,NA,NA,NA,NA,NA,NA,NA,NA,NA,NA,NA,NA,NA,NA,128939.07,NA,2019,476,123,316,49,0.868609927,0.00911854,2054,18.7294744,7.714285714
CC-12-2019,CC12-2019,CC-12-19,CC12,2019-06-02,Early,Canyon Creek,7/20/19,61.40097,-144.51765,M,0.16,N/A,NA,NA,NA,NA,NA,NA,NA,NA,NA,1.332,1-A7,N,Y,6,Y,,0.076,6.6,8.5,8,9.9,5.9,5.7,1.8,1.8,10/2/19,133.4,10/7/19,43.3,0.6754,0.3246,NA,10/19/19,4,0.4179,923.5644,26.3229,8.54408973,NA,NA,NA,NA,NA,NA,NA,NA,NA,NA,NA,NA,NA,NA,NA,128939.07,NA,2019,424,114,289,67,-0.71562075,0.00854409,1332,11.3807275,6.507462687
CC-13-2019,CC13-2019,CC-13-19,CC13,2019-06-02,Early,Canyon Creek,7/20/19,61.40097,-144.51765,M,0.108,N/A,NA,NA,NA,NA,NA,NA,NA,NA,NA,2.518,1-B2,N,Y,5,Y,Y,0.058,4.8,4.2,5.4,4,3.4,2.7,1.2,1.3,10/2/19,242.3,10/7/19,78.4,0.6764,0.3236,NA,10/19/19,2,0.3473,924.0889,26.804,8.67285844,NA,NA,NA,NA,NA,NA,NA,NA,NA,NA,NA,NA,NA,NA,NA,128939.07,NA,2019,478,142,356,69.81806535,2.281489612,0.00867286,2518,21.8382576,7.276053805
CC-14-2019,CC14-2019,CC-14-19,CC14,2019-06-02,Early,Canyon Creek,7/20/19,61.40097,-144.51765,F,0.202,N/A,71,6.7367,39,4.2683,31,3.407,4.6,4.2,4.9,1.264,1-A8,N,Y,6,Y,,0.118,7.8,5,5.8,4,4.3,3.8,2.1,1.4,10/2/19,154.9,10/7/19,48.8,0.685,0.315,NA,10/19/19,4,0.3075,923.5644,25.9787,8.184380633,NA,NA,NA,NA,NA,NA,NA,NA,NA,NA,NA,NA,NA,NA,NA,128939.07,NA,2019,422,111,283,60.74320741,-0.961340056,0.00818438,1264,10.3450571,7.161294547
CC-15-2019,CC15-2019,CC-15-19,CC15,2019-06-02,Early,Canyon Creek,7/20/19,61.40097,-144.51765,F,0.2,N/A,81,5.1904,74,4.5571,46,3.8156,4.3,4.3,4.1,2.224,1-A12,N,Y,5,Y,Y,0.104,6.5,6.2,5.1,6.3,4.8,4.7,2.7,1.7,10/2/19,257.6,10/7/19,82.9,0.6782,0.3218,NA,10/19/19,2,0.3005,924.0889,26.0929,8.397132803,4,0.3661,923.5644,25.4357,8.185634821,2,0.4875,924.0889,26.8773,8.649565877,4,0.3845,923.4282,25.9734,8.358675699,128939.07,NA,2019,491,135,331,56,1.845712931,0.00839713,2224,18.6752234,6.928571429
CC-16-2019,CC16-2019,CC-16-19,CC16,2019-06-02,Early,Canyon Creek,7/20/19,61.40097,-144.51765,F,0.178,N/A,40,2.4553,39,2.4729,48,2.7325,4,3.9,4,1.748,1-A10,N,Y,NA,Y,Y,0.076,10.3,14,6.1,9.2,5.6,6.1,1.8,2.6,10/2/19,175.2,10/7/19,60.5,0.6547,0.3453,NA,10/19/19,2,0.3666,924.0889,26.7736,9.245449772,NA,NA,NA,NA,NA,NA,NA,NA,NA,NA,NA,NA,NA,NA,NA,128939.07,NA,2019,453,127,313,57,0.645949882,0.00924545,1748,16.1610462,7.877192982
CC-17-2019,CC17-2019,CC-17-19,CC17,2019-06-02,Early,Canyon Creek,7/20/19,61.40097,-144.51765,M,0.108,N/A,NA,NA,NA,NA,NA,NA,NA,NA,NA,1.558,1-A6,N,Y,5,Y,Y,0.58,3.4,4.1,3,3,1.7,2.2,0.9,1.2,10/2/19,196.6,10/7/19,58,0.705,0.295,NA,10/19/19,4,0.314,923.4282,23.8702,7.042073245,NA,NA,NA,NA,NA,NA,NA,NA,NA,NA,NA,NA,NA,NA,NA,128939.07,NA,2019,437,118,280,66,-0.44475881,0.00704207,1558,10.9715501,6.196969697
CC-18-2019,CC18-2019,CC-18-19,CC18,2019-06-02,Early,Canyon Creek,7/20/19,61.40097,-144.51765,M,0.048,N/A,NA,NA,NA,NA,NA,NA,NA,NA,NA,2.194,1-B1,N,Y,5,Y,Y,0.28,5.8,6.2,6.5,5.9,5.4,4.7,2,1.5,10/2/19,160.1,10/7/19,51.8,0.6765,0.3235,NA,10/19/19,2,0.4571,924.0889,25.6129,8.286997002,NA,NA,NA,NA,NA,NA,NA,NA,NA,NA,NA,NA,NA,NA,NA,128939.07,NA,2019,467,136,326,57,1.445157858,0.008287,2194,18.1816714,7.052631579
CC-19-2019,CC19-2019,CC-19-19,CC19,2019-06-02,Early,Canyon Creek,8/6/19,61.40097,-144.51765,M,0.056,N/A,NA,NA,NA,NA,NA,NA,NA,NA,NA,1.536,1-F5,N,Y,5,Y,Y,0.028,3.7,4.5,2.7,4.1,2.1,2.2,1.2,1.4,10/2/19,156.8,10/7/19,50.4,0.6786,0.3214,NA,10/19/19,4,0.4135,923.4282,25.243,8.113821429,NA,NA,NA,NA,NA,NA,NA,NA,NA,NA,NA,NA,NA,NA,NA,128939.07,NA,2019,427,112,296,56,-0.667783725,0.00811382,1536,12.4628297,7.535714286
CC-20-2019,CC20-2019,CC-20-19,CC20,2019-06-02,Early,Canyon Creek,7/21/19,61.40097,-144.51765,M,0.05,N/A,NA,NA,NA,NA,NA,NA,NA,NA,NA,2.404,1-B4,N,Y,5,Y,Y,0.026,8.9,7.9,9.4,8.2,6.2,5.6,2.6,2.3,10/2/19,136,10/7/19,46.8,0.6559,0.3441,NA,10/19/19,2,0.3843,924.0889,26.8471,9.238560882,NA,NA,NA,NA,NA,NA,NA,NA,NA,NA,NA,NA,NA,NA,NA,128939.07,NA,2019,497,132,324,56,1.713994404,0.00923856,2404,22.2095004,7.410714286
CC-21-2019,CC21-2019,CC-21-19,CC21,2019-06-19,Middle,Canyon Creek,8/8/19,61.40097,-144.51765,F,0.144,N/A,48,3.4487,61,4.7269,44,3.3102,4.2,4.5,4.4,0.956,1-H2,N,Y,5,Y,Y,0.076,2.3,3.4,1.9,2.5,1.7,1.6,1,1,10/8/19,106.9,10/17/19,33.1,0.6904,0.3096,NA,10/19/19,4,0.2623,923.4282,23.8698,7.390929654,NA,NA,NA,NA,NA,NA,NA,NA,NA,NA,NA,NA,NA,NA,NA,128939.07,NA,2019,378,60,241,63,-4.518043027,0.00739093,956,7.06572875,6.587301587
CC-22-2019,CC22-2019,CC-22-19,CC22,2019-06-19,Middle,Canyon Creek,7/21/19,61.40097,-144.51765,M,0.086,N/A,NA,NA,NA,NA,NA,NA,NA,NA,NA,1.804,1-B5,N,Y,5,Y,Y,0.048,4.4,4.2,4.2,3,2.5,2.1,1.2,0.9,10/8/19,210.4,10/17/19,62,0.7053,0.2947,NA,10/29/19,2,0.3645,924.0889,25.2043,7.427122624,NA,NA,NA,NA,NA,NA,NA,NA,NA,NA,NA,NA,NA,NA,NA,128939.07,NA,2019,453,118,299,63,0.055984029,0.00742712,1804,13.3985292,7.158730159
CC-23-2019,CC23-2019,CC-23-19,CC23,2019-06-19,Middle,Canyon Creek,7/21/19,61.40097,-144.51765,M,0.066,N/A,NA,NA,NA,NA,NA,NA,NA,NA,NA,1.904,1-B7,N,Y,5,Y,Y,0.034,2,2.9,2,NA,1.1,1.3,0.9,0.9,10/17/19,143,10/23/19,40.7,0.7154,0.2846,NA,10/29/19,4,0.3787,923.4282,24.4263,6.952100769,NA,NA,NA,NA,NA,NA,NA,NA,NA,NA,NA,NA,NA,NA,NA,128939.07,NA,2019,475,124,296,69,0.638331472,0.0069521,1904,13.2367999,5.913043478
CC-24-2019,CC24-2019,CC-24-19,CC24,2019-06-19,Middle,Canyon Creek,8/7/19,61.40097,-144.51765,F,0.208,N/A,48,4.4344,46,4.5046,53,5.9282,5,4.7,5.1,1.616,1-G6,N,Y,5,Y,Y,0.098,4.2,2.9,3.9,2.7,1.7,1.6,1.6,1.3,10/17/19,167.3,10/23/19,49.4,0.7047,0.2953,NA,10/29/19,2,0.2882,924.0889,25.3818,7.494685714,NA,NA,NA,NA,NA,NA,NA,NA,NA,NA,NA,NA,NA,NA,NA,128939.07,NA,2019,436,118,305,60,-0.135940366,0.00749469,1616,12.1114121,7.966666667
CC-25-2019,CC25-2019,CC-25-19,CC25,2019-06-19,Middle,Canyon Creek,7/21/19,61.40097,-144.51765,F,0.158,N/A,53,2.267,56,2.1292,78,2.7756,3.3,3,3.1,2.138,1-B3,N,Y,5,Y,Y,0.074,9.3,5.7,6.8,5.6,4.8,2.7,1.8,1.8,10/8/19,140.7,10/17/19,47.7,0.661,0.339,NA,10/29/19,4,0.3003,923.4282,25.7515,8.730252665,NA,NA,NA,NA,NA,NA,NA,NA,NA,NA,NA,NA,NA,NA,NA,128939.07,NA,2019,508,123,311,54,1.311625362,0.00873025,2138,18.6652802,8.055555556
CC-26-2019,CC26-2019,CC-26-19,CC26,2019-06-19,Middle,Canyon Creek,8/7/19,61.40097,-144.51765,M,0.062,N/A,NA,NA,NA,NA,NA,NA,NA,NA,NA,1.848,1-G4,N,Y,5,Y,Y,0.032,1.6,1.6,1.4,1.5,1.3,1.3,0.9,1,10/8/19,175.6,10/17/19,48.4,0.7244,0.2756,NA,11/5/19,4,0.318,923.4282,24.0224,6.6212082,NA,NA,NA,NA,NA,NA,NA,NA,NA,NA,NA,NA,NA,NA,NA,128939.07,NA,2019,433,122,302,75,-0.041129264,0.00662121,1848,12.2359928,6.293333333
CC-27-2019,CC27-2019,CC-27-19,CC27,2019-06-19,Middle,Canyon Creek,7/21/19,61.40097,-144.51765,M,0.094,N/A,NA,NA,NA,NA,NA,NA,NA,NA,NA,1.65,1-B6,N,Y,5,Y,Y,0.052,4.4,3.1,3.8,2.4,2,2.3,1.4,1.1,10/8/19,132.6,10/17/19,40.2,0.6968,0.3032,NA,11/5/19,2,0.4357,924.0889,25.0554,7.595980995,NA,NA,NA,NA,NA,NA,NA,NA,NA,NA,NA,NA,NA,NA,NA,128939.07,NA,2019,451,124,294,68,0.231390736,0.00759598,1650,12.5333686,6.705882353
CC-28-2019,CC28-2019,CC-28-19,CC28,2019-06-19,Middle,Canyon Creek,7/21/19,61.40097,-144.51765,M,0.08,N/A,NA,NA,NA,NA,NA,NA,NA,NA,NA,1.748,1-B8,N,Y,7,Y,Y,0.044,1.6,1.2,1.4,1.1,1,1,0.8,0.8,10/8/19,174.1,10/17/19,57.8,0.668,0.332,NA,11/5/19,4,0.3798,923.4282,25.4629,8.453507295,NA,NA,NA,NA,NA,NA,NA,NA,NA,NA,NA,NA,NA,NA,NA,128939.07,NA,2019,452,117,293,65,-0.083164313,0.00845351,1748,14.7767308,7.153846154
CC-29-2019,CC29-2019,CC-29-19,CC29,2019-06-19,Middle,Canyon Creek,7/21/19,61.40097,-144.51765,F,0.17,N/A,73,4.5324,52,3.1023,54,3.5869,3.7,4.1,4.3,1.512,1-B9,N,Y,6,Y,Y,0.076,8.9,10.2,6.8,8,6.6,5.5,3.5,3.5,10/8/19,163.7,10/17/19,52.9,0.6768,0.3232,NA,11/5/19,2,0.4396,924.0889,26.6648,8.616786316,NA,NA,NA,NA,NA,NA,NA,NA,NA,NA,NA,NA,NA,NA,NA,128939.07,NA,2019,435,116,297,72,-0.346412771,0.00861679,1512,13.0285809,6.194444444
CC-30-2019,CC30-2019,CC-30-19,CC30,2019-06-19,Middle,Canyon Creek,8/8/19,61.40097,-144.51765,F,0.188,N/A,32,3.088,39,4.7198,45,5.0096,4.7,4.4,4.8,1.128,1-H3,N,Y,5,Y,Y,0.09,2.2,2.2,2.2,2.1,1.7,1.3,1.3,1.2,10/8/19,120.7,10/17/19,35.2,0.7084,0.2916,NA,11/10/19,4,0.3216,923.4282,25.4453,7.42066744,2,0.2813,924.0889,24.3311,7.095730903,4,0.2626,923.4282,24.5339,7.154873902,NA,NA,NA,NA,NA,128939.07,NA,2019,388,109,266,67,-1.812528973,0.00742067,1128,8.37051287,6.805970149
CC-31-2019,CC31-2019,CC-31-19,CC31,2019-06-19,Middle,Canyon Creek,8/7/19,61.40097,-144.51765,M,0.044,N/A,NA,NA,NA,NA,NA,NA,NA,NA,NA,2.728,1-G7,N,Y,5,Y,Y,0.022,9.5,8,8,9.4,5.5,5,2.1,2.6,10/17/19,184.8,10/23/19,61,0.6699,0.3301,NA,11/10/19,4,0.479,923.4282,26.5032,8.748350649,NA,NA,NA,NA,NA,NA,NA,NA,NA,NA,NA,NA,NA,NA,NA,128939.07,NA,2019,496,133,342,62,1.977247791,0.00874835,2728,23.8655006,6.5
CC-32-2019,CC32-2019,CC-32-19,CC32,2019-06-19,Middle,Canyon Creek,8/8/19,61.40097,-144.51765,M,0.038,N/A,NA,NA,NA,NA,NA,NA,NA,NA,NA,1.74,1-H5,N,Y,5,Y,Y,0.018,5.3,6.2,5,5.8,2.4,3.2,1.9,1.4,10/17/19,121.1,10/23/19,39.6,0.673,0.327,NA,11/10/19,2,0.347,923.6164,26.701,8.731293146,NA,NA,NA,NA,NA,NA,NA,NA,NA,NA,NA,NA,NA,NA,NA,128939.07,NA,2019,438,113,287,62,-0.56471501,0.00873129,1740,15.1924501,7.161290323
CC-33-2019,CC33-2019,CC-33-19,CC33,2019-06-19,Middle,Canyon Creek,8/8/19,61.40097,-144.51765,M,0.062,N/A,NA,NA,NA,NA,NA,NA,NA,NA,NA,NA,1-H4,N,Y,5,Y,Y,0.028,6.5,6.1,5.9,6.3,3,4.3,2.2,2.2,10/17/19,201.5,10/23/19,66.8,0.6685,0.3315,NA,11/10/19,4,0.4173,923.4282,26.6568,8.837093002,NA,NA,NA,NA,NA,NA,NA,NA,NA,NA,NA,NA,NA,NA,NA,128939.07,NA,2019,477,133,323,63,1.428884281,0.00883709,NA,NA,6.936507937
CC-34-2019,CC34-2019,CC-34-19,CC34,2019-06-19,Middle,Canyon Creek,8/8/19,61.40097,-144.51765,M,0.036,N/A,NA,NA,NA,NA,NA,NA,NA,NA,NA,2.158,1-G11,N,Y,5,Y,Y,0.014,3.3,3.9,1.8,3.5,1.8,1.7,1.1,1.2,10/17/19,181.8,10/23/19,54.6,0.6997,0.3003,NA,11/10/19,2,0.3334,923.6164,24.8451,7.461729703,NA,NA,NA,NA,NA,NA,NA,NA,NA,NA,NA,NA,NA,NA,NA,128939.07,NA,2019,486,120,309,50,0.800385629,0.00746173,2158,16.1024127,7.98
CC-35-2019,CC35-2019,CC-35-19,CC35,2019-06-19,Middle,Canyon Creek,8/6/19,61.40097,-144.51765,F,0.176,N/A,67,4.1803,49,3.7597,56,3.7773,4.4,4.7,4.1,1.672,1- F2,N,Y,5,Y,Y,0.084,7.1,6.7,7.1,6.2,4.6,2.2,2.2,1.4,10/17/19,212.6,10/23/19,66.8,0.6858,0.3142,NA,11/10/19,4,0.3044,923.4282,27.572,8.663262465,NA,NA,NA,NA,NA,NA,NA,NA,NA,NA,NA,NA,NA,NA,NA,128939.07,NA,2019,449,103,292,56,-0.778654516,0.00866326,1672,14.4849748,7.125
CC-36-2019,CC36-2019,CC-36-19,CC36,2019-06-19,Middle,Canyon Creek,8/8/19,61.40097,-144.51765,F,0.174,N/A,31,3.2515,42,3.9067,47,4.1473,4.5,5,4.5,1.44,1-H8,N,Y,5,Y,Y,0.08,3.5,3.3,2.6,3.1,2,1.4,1,0.8,10/17/19,238.7,10/23/19,73.8,0.6908,0.3092,NA,11/10/19,2,0.3456,923.6164,24.1611,7.470000754,NA,NA,NA,NA,NA,NA,NA,NA,NA,NA,NA,NA,NA,NA,NA,128939.07,NA,2019,409,118,287,60,-0.798304655,0.00747,1440,10.7568011,7.1
CC-37-2019,CC37-2019,CC-37-19,CC37,2019-06-19,Middle,Canyon Creek,8/6/19,61.40097,-144.51765,F,0.096,N/A,53,3.205,42,3.0111,67,3.4784,4.3,4.5,4.5,1.198,1-F10,N,Y,5,Y,Y,0.04,5.6,6,4.3,4.4,2.1,2.7,1.6,1.6,10/17/19,173.4,10/23/19,52.1,0.6995,0.3005,NA,11/13/19,4,0.208,923.4282,23.0976,6.939936332,NA,NA,NA,NA,NA,NA,NA,NA,NA,NA,NA,NA,NA,NA,NA,128939.07,NA,2019,402,97,260,63,-2.212409695,0.00693994,1198,8.31404373,6.619047619
CC-38-2019,CC38-2019,CC-38-19,CC38,2019-06-19,Middle,Canyon Creek,8/6/19,61.40097,-144.51765,M,0.11,N/A,NA,NA,NA,NA,NA,NA,NA,NA,NA,2.146,1-F3,N,Y,5,Y,Y,0.056,2.3,2.5,1.7,1.9,1.7,1.4,1.3,1.1,10/17/19,176,10/23/19,51.4,0.708,0.292,NA,11/13/19,2,0.2606,923.6164,23.9234,6.986720227,NA,NA,NA,NA,NA,NA,NA,NA,NA,NA,NA,NA,NA,NA,NA,128939.07,NA,2019,463,118,327,64,0.578374643,0.00698672,2146,14.9935016,6.390625
CC-39-2019,CC39-2019,CC-39-19,CC39,2019-06-19,Middle,Canyon Creek,8/8/19,61.40097,-144.51765,F,0.148,N/A,51,4.2178,35,6.532,47,3.0487,4.2,4.3,4.1,1.368,1-H1,N,Y,6,Y,Y,0.07,4.5,4.5,3.2,3.6,2.3,2.4,1.5,1.2,10/17/19,174.8,10/23/19,56.2,0.6785,0.3215,NA,11/13/19,4,0.2944,923.4282,24.3526,7.82961167,NA,NA,NA,NA,NA,NA,NA,NA,NA,NA,NA,NA,NA,NA,NA,128939.07,NA,2019,422,104,266,60,-1.499571542,0.00782961,1368,10.7109088,7.333333333
CC-40-2019,CC40-2019,CC-40-19,CC40,2019-06-19,Middle,Canyon Creek,8/8/19,61.40097,-144.51765,F,0.186,N/A,48,5.1597,61,6.3251,36,3.9685,4.3,4.4,4.4,1.386,1-G12,N,Y,7,Y,Y,0.08,5.4,5.3,4.7,3.8,3,2.1,1.4,1.3,10/17/19,170.4,10/23/19,49.5,0.7095,0.2905,NA,11/13/19,2,0.2083,923.6164,23.947,6.956434859,NA,NA,NA,NA,NA,NA,NA,NA,NA,NA,NA,NA,NA,NA,NA,128939.07,NA,2019,415,110,275,60,-1.221705101,0.00695643,1386,9.64161871,7.216666667
CC-41-2019,CC41-2019,CC-41-19,CC41,2019-07-23,Late,Canyon Creek,8/5/19,61.40097,-144.51765,F,0.248,N/A,47,5.6036,65,6.5207,41,4.417,4.6,4.6,4.8,1.386,1-E1,N,Y,5,Y,Y,0.132,0.7,0.8,0.8,0.7,0.7,0.8,0.7,0.6,10/24/19,144,10/30/19,37,0.7431,0.2569,NA,11/13/19,4,0.1971,923.4282,22.5385,5.791142361,NA,NA,NA,NA,NA,NA,NA,NA,NA,NA,NA,NA,NA,NA,NA,128939.07,NA,2019,415,113,276,56,-1.07267131,0.00579114,1386,8.02652331,8
CC-42-2019,CC42-2019,CC-42-19,CC42,2019-07-23,Late,Canyon Creek,8/2/19,61.40097,-144.51765,F,0.25,N/A,83,7.2886,119,10.9818,95,9.227,4.2,4.4,4.3,1.446,1-D2,N,Y,5,Y,Y,0.134,1,0.9,0.9,0.8,0.8,0.6,0.7,0.6,10/24/19,130.9,10/30/19,32.7,0.7502,0.2498,NA,11/19/19,2,0.2551,923.6164,22.0973,5.520104736,NA,NA,NA,NA,NA,NA,NA,NA,NA,NA,NA,NA,NA,NA,NA,128939.07,NA,2019,451,109,286,57,-0.55274126,0.0055201,1446,7.98207145,7.298245614
CC-43-2019,CC43-2019,CC-43-19,CC43,2019-07-23,Late,Canyon Creek,8/7/19,61.40097,-144.51765,F,0.24,N/A,46,5.5006,58,7.383,54,6.9991,5.3,5.4,4.9,1.248,1- G5,N,Y,5,Y,Y,0.112,0.7,0.8,0.9,1,0.7,1.2,0.7,1.1,10/24/19,213.8,10/30/19,53.9,0.7479,0.2521,NA,11/19/19,4,0.2907,923.4282,22.4857,5.668752245,NA,NA,NA,NA,NA,NA,NA,NA,NA,NA,NA,NA,NA,NA,NA,128939.07,NA,2019,408,112,280,62,-1.177184195,0.00566875,1248,7.0746028,7.629032258
CC-44-2019,CC44-2019,CC-44-19,CC44,2019-07-23,Late,Canyon Creek,8/5/19,61.40097,-144.51765,F,0.13,N/A,87,4.5445,44,5.2954,74,3.7995,4.5,4.2,3.9,1.864,1-D11,N,Y,5,Y,Y,0.6,4.9,5.1,3.5,3.2,1.7,2,1,1.6,10/24/19,84.3,10/30/19,25.6,0.6963,0.3037,NA,11/19/19,2,0.2893,923.6164,25.0205,7.598158956,NA,NA,NA,NA,NA,NA,NA,NA,NA,NA,NA,NA,NA,NA,NA,128939.07,NA,2019,478,112,292,54,0.08981698,0.00759816,1864,14.1629683,8.12962963
CC-45-2019,CC45-2019,CC-45-19,CC45,2019-07-23,Late,Canyon Creek,8/5/19,61.40097,-144.51765,F,0.162,N/A,42,2.7024,33,3.4202,62,4.6541,4.4,4.3,4.5,1.644,1-E5,N,Y,5,Y,Y,0.078,3.9,3.1,3.5,1.9,2.6,1.4,1.1,0.9,10/24/19,175.7,10/30/19,50.8,0.7109,0.2891,NA,11/19/19,4,0.2904,923.4282,25.0417,7.240286625,2,0.2247,923.6164,25.9849,7.512993284,4,0.3112,923.4282,25.0177,7.233347524,NA,NA,NA,NA,NA,128939.07,NA,2019,435,104,265,62,-1.306202976,0.00724029,1644,11.9030312,7.225806452
CC-46-2019,CC46-2019,CC-46-19,CC46,2019-07-23,Late,Canyon Creek,8/6/19,61.40097,-144.51765,M,0.046,N/A,NA,NA,NA,NA,NA,NA,NA,NA,NA,1.406,1-F4,N,Y,5,Y,,0.221,8.8,6.9,7,5.5,3,4.2,2.4,2.6,10/24/19,141.1,10/30/19,47.3,0.6648,0.3352,NA,11/19/19,4,0.2748,923.4282,25.2859,8.476421474,NA,NA,NA,NA,NA,NA,NA,NA,NA,NA,NA,NA,NA,NA,NA,128939.07,NA,2019,424,100,261,61,-1.714157642,0.00847642,1406,11.9178486,7.049180328
CC-47-2019,CC47-2019,CC-47-19,CC47,2019-07-23,Late,Canyon Creek,8/5/19,61.40097,-144.51765,M,0.92,N/A,NA,NA,NA,NA,NA,NA,NA,NA,NA,2.464,1-D12,N,Y,5,Y,Y,0.46,1.7,2,1.3,1.7,1.1,1.1,1,0.9,10/24/19,154,10/30/19,44,0.7143,0.2857,NA,11/19/19,2,0.2693,923.1981,23.5531,6.729457143,NA,NA,NA,NA,NA,NA,NA,NA,NA,NA,NA,NA,NA,NA,NA,128939.07,NA,2019,496,117,312,54,0.862038132,0.00672946,2464,16.5813824,8.018518519
CC-48-2019,CC48-2019,CC-48-19,CC48,2019-07-23,Late,Canyon Creek,8/8/19,61.40097,-144.51765,M,0.04,N/A,NA,NA,NA,NA,NA,NA,NA,NA,NA,1.612,1-H7,Y,Y,5,Y,Y,0.02,9.4,7.6,8.9,7.1,5,4.8,2.8,3.2,10/24/19,151.6,10/30/19,45.2,0.7018,0.2982,NA,11/19/19,4,0.3259,923.4282,24.1216,7.191928232,NA,NA,NA,NA,NA,NA,NA,NA,NA,NA,NA,NA,NA,NA,NA,128939.07,NA,2019,428,100,271,59,-1.520786612,0.00719193,1612,11.5933883,7.830508475
CC-49-2019,CC49-2019,CC-49-19,CC49,2019-07-23,Late,Canyon Creek,8/8/19,61.40097,-144.51765,M,0.07,N/A,NA,NA,NA,NA,NA,NA,NA,NA,NA,1.934,1-H12,N,Y,5,Y,Y,0.036,1,1,1,1,0.9,0.9,0.7,0.9,10/24/19,145,10/30/19,38,0.7379,0.2621,NA,11/19/19,2,0.2754,923.1981,22.4243,5.876713103,NA,NA,NA,NA,NA,NA,NA,NA,NA,NA,NA,NA,NA,NA,NA,128939.07,NA,2019,458,113,295,51,-0.143342423,0.00587671,1934,11.3655631,7.862745098
CC-50-2019,CC50-2019,CC-50-19,CC50,2019-07-23,Late,Canyon Creek,8/6/19,61.40097,-144.51765,M,0.048,N/A,NA,NA,NA,NA,NA,NA,NA,NA,NA,1.74,1-E11,N,Y,6,Y,Y,0.023,1.6,1.8,1.5,1.2,1.4,1,0.8,0.8,10/24/19,111.5,10/30/19,30.2,0.7291,0.2709,NA,11/19/19,4,0.2517,923.4282,24.2294,6.562581883,NA,NA,NA,NA,NA,NA,NA,NA,NA,NA,NA,NA,NA,NA,NA,128939.07,NA,2019,433,116,278,53,-0.624925806,0.00656258,1740,11.4188925,7.962264151
CC-51-2019,CC51-2019,CC-51-19,CC51,2019-07-24,Late,Canyon Creek,8/6/19,61.40097,-144.51765,F,0.214,N/A,55,6.4186,59,6.5743,53,6.754,4.6,4.8,4.8,1.988,1-E8,N,Y,5,Y,Y,0.098,2.2,2.4,2,1.7,1.4,1.7,1.1,1.1,10/24/19,145.2,11/3/19,42.8,0.7052,0.2948,NA,11/25/19,2,0.2445,923.1981,22.8154,6.725200551,NA,NA,NA,NA,NA,NA,NA,NA,NA,NA,NA,NA,NA,NA,NA,128939.07,NA,2019,472,107,291,58,-0.245155562,0.0067252,1988,13.3696987,8.051724138
CC-52-2019,CC52-2019,CC-52-19,CC52,2019-07-24,Late,Canyon Creek,8/6/19,61.40097,-144.51765,M,0.042,N/A,NA,NA,NA,NA,NA,NA,NA,NA,NA,1.964,1-F6,N,Y,5,Y,Y,0.018,2.3,2.2,1.7,1.6,1.6,1.4,1.1,1.4,10/24/19,211.2,11/3/19,61.8,0.7074,0.2926,NA,11/25/19,4,0.261,923.4282,25.0639,7.33403892,NA,NA,NA,NA,NA,NA,NA,NA,NA,NA,NA,NA,NA,NA,NA,128939.07,NA,2019,473,112,284,50,-0.093452247,0.00733404,1964,14.4040524,8.28
CC-53-2019,CC53-2019,CC-53-19,CC53,2019-07-24,Late,Canyon Creek,8/1/19,61.40097,-144.51765,F,0.23,N/A,81,13.3802,72,13.6137,68,15.0168,5.2,5.5,5,1.592,1-C12,N,Y,5,Y,Y,0.094,2.6,2.9,1.9,2.2,1.7,1.8,1.2,1.2,10/30/19,88.9,11/3/19,28,0.685,0.315,NA,11/25/19,2,0.2914,923.1981,24.1328,7.60088189,NA,NA,NA,NA,NA,NA,NA,NA,NA,NA,NA,NA,NA,NA,NA,128939.07,NA,2019,456,110,282,53,-0.479975489,0.00760088,1592,12.100604,7.905660377
CC-54-2019,CC54-2019,CC-54-19,CC54,2019-07-24,Late,Canyon Creek,8/6/19,61.40097,-144.51765,F,0.166,N/A,59,4.3213,64,4.6523,37,2.3837,4.4,4.6,4.5,1.83,1-F8,Y,Y,5,Y,Y,0.09,7.3,7.1,7.6,6,4.9,3.6,1.5,1.9,10/30/19,128.4,11/3/19,42.4,0.6698,0.3302,NA,11/25/19,4,0.3942,923.4282,25.2695,8.344445483,NA,NA,NA,NA,NA,NA,NA,NA,NA,NA,NA,NA,NA,NA,NA,128939.07,NA,2019,465,117,293,52,0.123191933,0.00834445,1830,15.2703352,8.519230769
CC-55-2019,CC55-2019,CC-55-19,CC55,2019-07-24,Late,Canyon Creek,8/1/19,61.40097,-144.51765,M,0.076,N/A,NA,NA,NA,NA,NA,NA,NA,NA,NA,1.846,1-C11,N,Y,6,Y,Y,0.04,2.7,2.6,1.9,2,1.1,1.4,1.1,1.1,10/30/19,126.3,11/3/19,39.1,0.6904,0.3096,NA,11/25/19,2,0.3958,923.1981,23.6377,7.317767775,NA,NA,NA,NA,NA,NA,NA,NA,NA,NA,NA,NA,NA,NA,NA,128939.07,NA,2019,476,113,274,50,-0.130359671,0.00731777,1846,13.5085993,8.4
CC-56-2019,CC56-2019,CC-56-19,CC56,2019-07-24,Late,Canyon Creek,8/6/19,61.40097,-144.51765,M,0.034,N/A,NA,NA,NA,NA,NA,NA,NA,NA,NA,1.756,1-F11,N,Y,6,Y,Y,0.014,9.2,8.6,7.3,7,5.8,4,2.9,2.3,10/30/19,116.4,11/3/19,38.1,0.6727,0.3273,NA,11/25/19,4,0.3136,923.4282,25.5058,8.348547938,NA,NA,NA,NA,NA,NA,NA,NA,NA,NA,NA,NA,NA,NA,NA,128939.07,NA,2019,450,104,287,47,-0.782370655,0.00834855,1756,14.6600502,8.489361702
CC-57-2019,CC57-2019,CC-57-19,CC57,2019-07-24,Late,Canyon Creek,8/1/19,61.40097,-144.51765,F,0.26,N/A,119,13.7958,100,12.0315,92,10.8533,5.3,5.4,5.5,1.52,1-C8,N,Y,6,Y,Y,0.122,1.1,1.2,1.1,1.2,1.2,0.9,1,0.7,10/30/19,156.9,11/3/19,40.5,0.7419,0.2581,NA,11/25/19,2,0.3223,923.1981,22.2181,5.735073614,NA,NA,NA,NA,NA,NA,NA,NA,NA,NA,NA,NA,NA,NA,NA,128939.07,NA,2019,446,117,284,54,-0.295294777,0.00573507,1520,8.71731189,8.981481481
CC-58-2019,CC58-2019,CC-58-19,CC58,2019-07-24,Late,Canyon Creek,8/6/19,61.40097,-144.51765,F,0.154,N/A,51,4.802,44,3.9192,47,4.6656,4.7,4.4,4.6,1.77,1- F7,Y,Y,5,Y,Y,0.088,8.3,9.8,8.1,6.4,5.1,5.6,1.7,1.3,10/30/19,101.9,11/3/19,35.5,0.6516,0.3484,NA,11/25/19,4,0.4072,923.4282,25.2995,8.813859176,NA,NA,NA,NA,NA,NA,NA,NA,NA,NA,NA,NA,NA,NA,NA,128939.07,NA,2019,456,116,292,52,-0.078006467,0.00881386,1770,15.6005307,8.461538462
CC-59-2019,CC59-2019,CC-59-19,CC59,2019-07-24,Late,Canyon Creek,8/1/19,61.40097,-144.51765,M,0.036,N/A,NA,NA,NA,NA,NA,NA,NA,NA,NA,1.496,1-C10,Y,Y,6,Y,Y,0.018,NA,NA,NA,NA,NA,NA,NA,NA,10/30/19,118.5,11/3/19,39.1,0.67,0.33,NA,11/25/19,2,0.3608,923.1981,25.4948,8.41220827,NA,NA,NA,NA,NA,NA,NA,NA,NA,NA,NA,NA,NA,NA,NA,128939.07,NA,2019,428,104,274,48,-1.300428757,0.00841221,1496,12.5846636,8.333333333
CC-60-2019,CC60-2019,CC-60-19,CC60,2019-07-24,Late,Canyon Creek,8/1/19,61.40097,-144.51765,M,0.064,N/A,NA,NA,NA,NA,NA,NA,NA,NA,NA,1.95,1-C9,N,Y,8,Y,Y,0.035,2.1,2,1.9,2,1.4,1.4,1.2,1,10/30/19,116.7,11/3/19,35.9,0.6924,0.3076,NA,11/25/19,4,0.3412,923.4282,23.6536,7.276471637,2,0.2746,923.1981,24.0964,7.412688603,4,0.2967,923.4282,22.8554,7.03092425,NA,NA,NA,NA,NA,128939.07,NA,2019,461,121,295,77,0.267067878,0.00727647,1950,14.1891197,5.896103896
BC-1-2020,BC-20-1,BC-1-20,BC-20-1,2020-06-01,Early,Baird Canyon,7/8/20,60.73831,-144.5687,F,0.086,1-C2,10,0.4423,10,0.2676,NA,NA,4,3.8,NA,1.364,1-B6,N,Y,7,Y,Y,0.044,12.1,8.3,11.6,11.9,8.6,12.4,3.6,5.5,10/6/20,55.5,10/11/20,22.2,0.6,0.4,NA,10/24/20,4,0.6198,923.3249,27.0087,10.80348,4,0.4556,923.3249,26.2067,10.48268,NA,NA,NA,NA,NA,NA,NA,NA,NA,NA,58584.32,NA,2020,403,113,291,64,-1.068338798,0.01080348,1364,14.7359467,6.59375
BC-2-2020,BC-20-2,BC-2-20,BC-20-2,2020-06-01,Early,Baird Canyon,7/8/20,60.73831,-144.5687,M,0.064,1-C1,NA,NA,NA,NA,NA,NA,NA,NA,NA,1.164,1-B5,N,Y,6,Y,Y,0.034,7.5,8.7,6.2,8.4,9.7,3.9,3.1,1.8,10/6/20,50.6,10/11/20,18.8,0.6285,0.3715,NA,10/24/20,4,0.4134,923.3249,25.3342,9.412706719,4,0.3589,923.3249,24.9944,9.286456917,NA,NA,NA,NA,NA,NA,NA,NA,NA,NA,58584.32,NA,2020,378,108,278,77,-1.86076109,0.00941271,1164,10.9563906,6.012987013
BC-3-2020,BC-20-3,BC-3-20,BC-20-3,2020-06-01,Early,Baird Canyon,7/7/20,60.73831,-144.5687,M,0.054,1-A7,NA,NA,NA,NA,NA,NA,NA,NA,NA,1.662,1-A7 (1 oto),N,Y,7,Y,Y,0.026,10,9.5,8.8,9.1,6.1,6.2,1.8,2,10/6/20,42.3,10/11/20,16.5,0.6099,0.3901,NA,10/24/20,4,0.3834,923.3249,27.1322,10.58348227,NA,NA,NA,NA,NA,NA,NA,NA,NA,NA,NA,NA,NA,NA,NA,58584.32,NA,2020,435,113,295,65,-0.508434242,0.01058348,1662,17.5897475,7.153846154
BC-4-2020,BC-20-4,BC-4-20,BC-20-4,2020-06-01,Early,Baird Canyon,7/8/20,60.73831,-144.5687,F,0.184,1-B4,10,0.5983,10,0.5543,10,0.6202,4.9,4.9,5,1.738,1-A12,N,Y,7,Y,Y,0.102,10.3,8,8.7,9.7,8.2,6.1,2.6,1.9,10/6/20,58.1,10/11/20,20.2,0.6523,0.3477,NA,10/24/20,4,0.4073,923.3249,25.8517,8.988026506,NA,NA,NA,NA,NA,NA,NA,NA,NA,NA,NA,NA,NA,NA,NA,58584.32,NA,2020,444,128,300.0935,79,0.380811077,0.00898803,1738,15.6211901,5.898734177
BC-5-2020,BC-20-5,BC-5-20,BC-20-5,2020-06-01,Early,Baird Canyon,7/8/20,60.73831,-144.5687,M,0.106,1-B7,NA,NA,NA,NA,NA,NA,NA,NA,NA,2.56,1-B3,N,Y,7,Y,Y,0.05,6.4,7.6,9.5,8.5,8.4,7.5,2.6,2.3,10/6/20,62.9,10/11/20,23.1,0.6328,0.3672,NA,10/24/20,4,0.5602,923.3249,26.2651,9.645847536,NA,NA,NA,NA,NA,NA,NA,NA,NA,NA,NA,NA,NA,NA,NA,58584.32,NA,2020,481,146,365,64,2.627394219,0.00964585,2560,24.6933697,6.8125
BC-6-2020,BC-20-6,BC-6-20,BC-20-6,2020-06-01,Early,Baird Canyon,7/8/20,60.73831,-144.5687,F,0.14,1-B8,NA,NA,NA,NA,NA,NA,6,NA,NA,1.796,1-B4,N,Y,6,Y,Y,0.066,8.4,9.3,13.5,8.2,12.9,7.8,3.9,3.2,10/6/20,57.6,10/11/20,22.4,0.6111,0.3889,NA,10/24/20,4,0.5232,923.3249,26.2745,10.21786111,NA,NA,NA,NA,NA,NA,NA,NA,NA,NA,NA,NA,NA,NA,NA,58584.32,NA,2020,437,126,316,70,0.385587301,0.01021786,1796,18.3512786,6.471428571
BC-7-2020,BC-20-7,BC-7-20,BC-20-7,2020-06-01,Early,Baird Canyon,7/8/20,60.73831,-144.5687,F,0.108,1-B3,NA,NA,NA,NA,NA,NA,5.5,NA,NA,1.178,1-A11,N,Y,7,Y,Y,0.05,8,12.5,8.4,10.5,5.9,8.7,1.9,1.4,10/6/20,65.3,10/11/20,25.1,0.6156,0.3844,NA,10/24/20,4,0.4224,923.3249,27.3985,10.53142956,NA,NA,NA,NA,NA,NA,NA,NA,NA,NA,NA,NA,NA,NA,NA,58584.32,NA,2020,399,107,281,63,-1.533802049,0.01053143,1178,12.406024,6.952380952
BC-8-2020,BC-20-8,BC-8-20,BC-20-8,2020-06-01,Early,Baird Canyon,7/8/20,60.73831,-144.5687,F,0.18,1-B5,10,NA,NA,NA,NA,NA,5,NA,NA,1.272,1-B1,NO READ,Y,7,Y,Y,0.104,6.4,5.1,2.8,2.4,1.4,4.2,0.8,1.3,10/6/20,66.4,10/11/20,21.7,0.6732,0.3268,NA,10/24/20,4,0.4588,923.3249,25.1628,8.22338494,NA,NA,NA,NA,NA,NA,NA,NA,NA,NA,NA,NA,NA,NA,NA,58584.32,NA,2020,399,117,300,60,-0.833549092,0.00822338,1272,10.4601456,6.466666667
BC-9-2020,BC-20-9,BC-9-20,BC-20-9,2020-06-01,Early,Baird Canyon,7/8/20,60.73831,-144.5687,M,0.07,1-B6,NA,NA,NA,NA,NA,NA,NA,NA,NA,2.166,1-B2,N,Y,6,Y,Y,0.034,6,6,4.8,7.7,3.2,3.1,1.4,2.6,10/6/20,60.4,10/11/20,21.2,0.649,0.351,NA,10/24/20,4,0.2702,923.3249,24.6192,8.641176159,NA,NA,NA,NA,NA,NA,NA,NA,NA,NA,NA,NA,NA,NA,NA,58584.32,NA,2020,478,133,330,67,1.535671598,0.00864118,2166,18.7167876,6.985074627
BC-10-2020,BC-20-10,BC-10-20,BC-20-10,2020-06-01,Early,Baird Canyon,7/8/20,60.73831,-144.5687,F,0.138,1-C4,NA,NA,NA,NA,NA,NA,5.1,NA,NA,1.49,1-B8,N,Y,5,Y,Y,0.058,5.2,5.1,4.1,4.9,2.4,3.3,2.6,1.1,10/6/20,50.6,10/11/20,17.6,0.6522,0.3478,NA,10/24/20,4,0.3856,923.3249,24.5659,8.54466087,NA,NA,NA,NA,NA,NA,NA,NA,NA,NA,NA,NA,NA,NA,NA,58584.32,NA,2020,426,125,304,72,0.009777306,0.00854466,1490,12.7315447,6.194444444
BC-11-2020,BC-20-11,BC-11-20,BC-20-11,2020-06-02,Early,Baird Canyon,7/7/20,60.73831,-144.5687,F,0.14,1-B2,10,0.385,10,0.4834,10,0.4833,5.5,4.9,5,NA,1-A10,N,Y,7,Y,Y,0.078,16.2,10.2,16.6,14.3,9.7,9.9,2.6,2.2,10/17/20,47.3,10/30/20,18.5,0.6089,0.3911,NA,11/5/20,4,0.294,923.3249,27.8273,10.8838277,NA,NA,NA,NA,NA,NA,NA,NA,NA,NA,NA,NA,NA,NA,NA,58584.32,NA,2020,417,116,297,72,-0.632136804,0.01088383,NA,NA,5.569444444
BC-12-2020,BC-20-12,BC-12-20,BC-20-12,2020-06-02,Early,Baird Canyon,7/7/20,60.73831,-144.5687,M,0.072,1-A5,NA,NA,NA,NA,NA,NA,NA,NA,NA,2.046,1-A5,N,Y,5,Y,Y,0.028,8.3,6.4,8.3,9.3,5.5,7.4,2.4,3.3,10/17/20,58.1,10/30/20,20.3,0.6506,0.3494,NA,11/5/20,2,0.4329,923.1981,26.7697,9.353268675,NA,NA,NA,NA,NA,NA,NA,NA,NA,NA,NA,NA,NA,NA,NA,58584.32,NA,2020,453,128,325,67,0.847150746,0.00935327,2046,19.1367877,6.791044776
BC-13-2020,BC-20-13,BC-13-20,BC-20-13,2020-06-02,Early,Baird Canyon,7/7/20,60.73831,-144.5687,M,0.082,1-A2,NA,NA,NA,NA,NA,NA,NA,NA,NA,2.546,1-A2,N,Y,5,Y,Y,0.044,7.4,5.2,7.4,5.2,6.3,3.9,1.8,1.5,10/17/20,62.5,10/30/20,22.5,0.64,0.36,NA,11/5/20,4,0.3318,923.3249,26.7268,9.621648,NA,NA,NA,NA,NA,NA,NA,NA,NA,NA,NA,NA,NA,NA,NA,58584.32,NA,2020,476,147,360,79,2.528436736,0.00962165,2546,24.4967158,6.202531646
BC-14-2020,BC-20-14,BC-14-20,BC-20-14,2020-06-02,Early,Baird Canyon,7/7/20,60.73831,-144.5687,M,0.112,1-B1,NA,NA,NA,NA,NA,NA,NA,NA,NA,2.658,1-A9,N,Y,5,Y,Y,0.052,7.6,7.2,6.7,6.5,6,4.7,1.9,2.3,10/17/20,54.1,10/30/20,19.6,0.6377,0.3623,NA,11/5/20,2,0.3202,923.1981,27.6168,10.00534713,NA,NA,NA,NA,NA,NA,NA,NA,NA,NA,NA,NA,NA,NA,NA,58584.32,NA,2020,484,149,370,71,2.875999402,0.01000535,2658,26.5942127,6.830985915
BC-15-2020,BC-20-15,BC-15-20,BC-20-15,2020-06-02,Early,Baird Canyon,7/7/20,60.73831,-144.5687,M,0.076,1-A6,NA,NA,NA,NA,NA,NA,NA,NA,NA,2.632,1-A6,N,Y,5,Y,Y,0.034,4,6,3.8,4.2,2.8,3.9,1.6,4.9,10/17/20,62.3,10/30/20,21.7,0.6517,0.3483,NA,11/5/20,4,0.2681,923.3249,26.3438,9.175930337,4,0.2829,923.1981,26.6939,9.297875281,NA,NA,NA,NA,NA,NA,NA,NA,NA,NA,58584.32,NA,2020,498,146,355,73,2.767367894,0.00917593,2632,24.1510486,6.02739726
BC-16-2020,BC-20-16,BC-16-20,BC-20-16,2020-06-02,Early,Baird Canyon,7/7/20,60.73831,-144.5687,M,0.102,1-A3,NA,NA,NA,NA,NA,NA,NA,NA,NA,1.97,1-A3,N,Y,5,Y,Y,0.052,6.8,6.5,6.5,6.5,6.4,6.6,2.4,3.2,10/17/20,52.8,10/30/20,18.9,0.642,0.358,NA,11/10/20,4,0.2377,923.3249,26.2758,9.405542045,NA,NA,NA,NA,NA,NA,NA,NA,NA,NA,NA,NA,NA,NA,NA,58584.32,NA,2020,467,130,311,71,0.978250436,0.00940554,1970,18.5289178,6.873239437
BC-17-2020,BC-20-17,BC-17-20,BC-20-17,2020-06-02,Early,Baird Canyon,7/7/20,60.73831,-144.5687,M,0.066,1-A4,NA,NA,NA,NA,NA,NA,NA,NA,NA,1.72,1-A4,N,Y,5,Y,Y,0.034,5.2,5.9,4.5,6.3,3.3,4,1.1,1.2,10/17/20,41.4,10/30/20,15.2,0.6329,0.3671,NA,11/10/20,2,0.3361,922.6597,24.7758,9.096428986,NA,NA,NA,NA,NA,NA,NA,NA,NA,NA,NA,NA,NA,NA,NA,58584.32,NA,2020,417,128,315,75,0.145825881,0.00909643,1720,15.6458579,5.933333333
BC-18-2020,BC-20-18,BC-18-20,BC-20-18,2020-06-02,Early,Baird Canyon,7/7/20,60.73831,-144.5687,F,0.13,1-A1,10,0.4627,10,2.8037,10,0.2786,4.8,4.5,4.6,1.064,1-A1,N,Y,5,Y,Y,0.05,9.7,9.3,6.1,7.2,3.1,4.2,1.2,2.7,10/17/20,45.2,10/30/20,15.7,0.6527,0.3473,NA,11/10/20,4,0.2389,923.3249,25.9962,9.02965354,NA,NA,NA,NA,NA,NA,NA,NA,NA,NA,NA,NA,NA,NA,NA,58584.32,NA,2020,409,106,260,68,-1.69315646,0.00902965,1064,9.60755137,6.352941176
BC-19-2020,BC-20-19,BC-19-20,BC-20-19,2020-06-02,Early,Baird Canyon,7/7/20,60.73831,-144.5687,F,0.12,1-A8,1,NA,NA,NA,NA,NA,4.7,NA,NA,1.682,1-A8,N,Y,5,Y,Y,0.06,16.2,12.7,11.8,10.8,7.9,6,3.6,2.5,10/17/20,57.2,10/30/20,20.6,0.6399,0.3601,NA,11/10/20,2,0.3533,922.6597,26.7499,9.633705245,NA,NA,NA,NA,NA,NA,NA,NA,NA,NA,NA,NA,NA,NA,NA,58584.32,NA,2020,440,124,309,68,0.251596805,0.00963371,1682,16.2038922,6.308823529
BC-20-2020,BC-20-20,BC-20-20,BC-20-20,2020-06-02,Early,Baird Canyon,7/8/20,60.73831,-144.5687,F,0.114,1-C3,1,NA,NA,NA,NA,NA,5,NA,NA,1.662,1-B7,N,Y,5,Y,Y,0.066,12.6,12.8,11,9.7,6.2,6,1.8,1.6,10/17/20,53.5,10/30/20,19.4,0.6374,0.3626,NA,11/10/20,4,0.3924,923.3249,25.2556,9.158105421,NA,NA,NA,NA,NA,NA,NA,NA,NA,NA,NA,NA,NA,NA,NA,58584.32,NA,2020,433,125,314,69,0.250769008,0.00915811,1662,15.2207712,6.550724638
BC-21-2020,BC-20-21,BC-21-20,BC-20-21,2020-06-30,Middle,Baird Canyon,7/9/20,60.73831,-144.5687,M,0.044,1-C6,NA,NA,NA,NA,NA,NA,NA,NA,NA,0.81,1-B10,N,Y,7,Y,Y,0.022,5.8,7.7,4.5,5.4,1.6,3.8,1.3,2.1,10/30/20,57.6,11/3/20,19.3,0.6649,0.3351,NA,11/14/20,2,0.4097,955.4635,25.4462,8.526244097,NA,NA,NA,NA,NA,NA,NA,NA,NA,NA,NA,NA,NA,NA,NA,58584.32,NA,2020,348,91,233,69,-3.692341374,0.00852624,810,6.90625772,7.231884058
BC-22-2020,BC-20-22,BC-22-20,BC-20-22,2020-06-30,Middle,Baird Canyon,7/10/20,60.73831,-144.5687,F,0.088,1-E1,10,0.1738,10,0.277,10,0.2523,3.2,3.3,3.1,1.728,1-C9,Y,Y,9,Y,Y,0.036,9.7,12.1,11.5,11.4,5.6,6.8,3.5,4.5,10/30/20,53.9,11/3/20,20.7,0.616,0.384,NA,11/14/20,4,0.4889,923.3249,26.1697,10.05033006,NA,NA,NA,NA,NA,NA,NA,NA,NA,NA,NA,NA,NA,NA,NA,58584.32,NA,2020,448,122,301,65,0.183986416,0.01005033,1728,17.3669703,7.184615385
BC-23-2020,BC-20-23,BC-23-20,BC-20-23,2020-06-30,Middle,Baird Canyon,7/9/20,60.73831,-144.5687,M,0.04,1-C5,NA,NA,NA,NA,NA,NA,NA,NA,NA,1.952,1-B9,Y,Y,5,Y,Y,0.016,11.2,9,13.5,12,8.4,9.5,5.2,3.2,10/30/20,55.9,11/3/20,21.8,0.61,0.39,NA,11/14/20,2,0.3915,955.4635,27.9354,10.89430626,NA,NA,NA,NA,NA,NA,NA,NA,NA,NA,NA,NA,NA,NA,NA,58584.32,NA,2020,442,132,318,68,0.763022669,0.01089431,1952,21.2656858,6.088235294
BC-24-2020,BC-20-24,BC-24-20,BC-20-24,2020-06-30,Middle,Baird Canyon,7/10/20,60.73831,-144.5687,M,0.078,1-E4,NA,NA,NA,NA,NA,NA,NA,NA,NA,2.176,1-C12,N,Y,7,Y,Y,0.04,5.6,4.4,2.4,2.9,1.5,2.4,1.5,2.4,10/30/20,67.5,11/3/20,23.9,0.6459,0.3541,NA,11/14/20,4,0.4212,923.3249,26.2508,9.294727704,NA,NA,NA,NA,NA,NA,NA,NA,NA,NA,NA,NA,NA,NA,NA,58584.32,NA,2020,461,127,318,68,0.837876741,0.00929473,2176,20.2253275,6.970588235
BC-25-2020,BC-20-25,BC-25-20,BC-20-25,2020-06-30,Middle,Baird Canyon,7/10/20,60.73831,-144.5687,M,0.05,1-E2,NA,NA,NA,NA,NA,NA,NA,NA,NA,1.388,1-C10,N,Y,6,Y,Y,0.024,6,7.2,6.1,6,3.1,2.8,1.3,1.4,10/30/20,48.5,11/3/20,17.8,0.633,0.367,NA,11/14/20,2,0.3297,955.4635,26.6447,9.778879588,NA,NA,NA,NA,NA,NA,NA,NA,NA,NA,NA,NA,NA,NA,NA,58584.32,NA,2020,408,111,280,65,-1.222532899,0.00977888,1388,13.5730849,7.2
BC-26-2020,BC-20-26,BC-26-20,BC-20-26,2020-06-30,Middle,Baird Canyon,7/9/20,60.73831,-144.5687,M,0.064,1-C8,NA,NA,NA,NA,NA,NA,NA,NA,NA,2.352,1-B12,N,Y,6,Y,Y,0.032,4.7,5.1,3.7,3.1,2.6,2.2,1.2,1.1,10/30/20,60.3,11/3/20,21.4,0.6451,0.3549,NA,11/14/20,4,0.2935,923.3249,27.1363,9.63046136,NA,NA,NA,NA,NA,NA,NA,NA,NA,NA,NA,NA,NA,NA,NA,58584.32,NA,2020,488,137,338,60,1.979703427,0.00963046,2352,22.6508451,6.583333333
BC-27-2020,BC-20-27,BC-27-20,BC-20-27,2020-06-30,Middle,Baird Canyon,7/9/20,60.73831,-144.5687,M,0.028,1-D4,NA,NA,NA,NA,NA,NA,NA,NA,NA,NA,1-C4,N,Y,8,Y,Y,0.014,8.3,7,6.6,6.2,6.8,4.3,5.3,1.6,10/30/20,40.5,11/3/20,15,0.6296,0.3704,NA,11/14/20,2,0.2776,955.4635,25.9807,9.622481481,NA,NA,NA,NA,NA,NA,NA,NA,NA,NA,NA,NA,NA,NA,NA,58584.32,NA,2020,277,77,193,58,-5.973752999,0.00962248,NA,NA,6.724137931
BC-28-2020,BC-20-28,BC-28-20,BC-20-28,2020-06-30,Middle,Baird Canyon,7/10/20,60.73831,-144.5687,F,0.11,1-E6,10,0.2474,10,0.3454,10,0.2944,3.5,3.4,3.8,1.34,1-D2,N,Y,10,Y,Y,0.05,9.2,11.3,6.9,6.3,4.7,2.5,3.4,1.5,10/30/20,44.7,11/3/20,16.8,0.6242,0.3758,NA,11/14/20,4,0.3338,923.3249,26.5014,9.960257718,NA,NA,NA,NA,NA,NA,NA,NA,NA,NA,NA,NA,NA,NA,NA,58584.32,NA,2020,416,111,280,66,-1.09554444,0.00996026,1340,13.3467453,6.484848485
BC-29-2020,BC-20-29,BC-29-20,BC-20-29,2020-06-30,Middle,Baird Canyon,7/10/20,60.73831,-144.5687,F,0.15,1-E8,10,0.2936,10,0.3864,10,0.36,3.9,4.2,4,1.932,1-D4,N,Y,7,Y,Y,0.084,6.5,6.9,5.4,5.4,5.7,9.7,3.2,1.5,10/30/20,52,11/3/20,18.6,0.6423,0.3577,NA,11/14/20,2,0.3333,955.4635,27.7734,9.934331538,NA,NA,NA,NA,NA,NA,NA,NA,NA,NA,NA,NA,NA,NA,NA,58584.32,NA,2020,473,120,312,66.0390976,0.632992423,0.00993433,1932,19.1931285,7.313849182
BC-30-2020,BC-20-30,BC-30-20,BC-20-30,2020-06-30,Middle,Baird Canyon,7/10/30,60.73831,-144.5687,F,0.152,1-E3,10,0.4419,10,0.4323,10,0.3794,4.2,4.2,4.3,1.562,1-C11,N,Y,6,Y,Y,0.082,5.9,5.8,7.9,8.5,5.9,5.4,3.3,2.2,10/30/20,45.4,11/3/20,17.9,0.6057,0.3943,NA,11/14/20,4,0.3808,923.3249,27.2128,10.72927577,NA,NA,NA,NA,NA,NA,NA,NA,NA,NA,NA,NA,NA,NA,NA,58584.32,NA,2020,439,116,290,75,-0.373832302,0.01072928,1562,16.7591288,6.68
BC-31-2020,BC-20-31,BC-31-20,BC-20-31,2020-07-01,Middle,Baird Canyon,7/10/20,60.73831,-144.5687,M,0.07,1-D7,NA,NA,NA,NA,NA,NA,NA,NA,NA,1.086,1-C7,N,Y,7,Y,Y,0.034,6.1,6.5,7.9,5.1,5.6,2.4,0.9,3.1,11/5/20,57.2,11/10/20,20.5,0.6416,0.3584,NA,11/15/20,2,0.2638,955.4635,25.656,9.194895105,NA,NA,NA,NA,NA,NA,NA,NA,NA,NA,NA,NA,NA,NA,NA,58584.32,NA,2020,366,108,271,74,-2.142157539,0.0091949,1086,9.98565608,6.148648649
BC-32-2020,BC-20-32,BC-32-20,BC-20-32,2020-07-01,Middle,Baird Canyon,7/9/20,60.73831,-144.5687,F,0.236,1-C7,10,0.7544,10,0.5627,10,0.4766,4.5,4.4,4.4,1.88,1-B11,N,Y,7,Y,Y,0.108,5.5,5.5.,5.7,3.3,3.2,5.1,1.6,2.1,11/5/20,56.1,11/10/20,19.9,0.6453,0.3547,NA,11/15/20,4,0.2715,923.3249,25.9703,9.212281105,NA,NA,NA,NA,NA,NA,NA,NA,NA,NA,NA,NA,NA,NA,NA,58584.32,NA,2020,448,128,327,51.528817,0.793758319,0.00921228,1880,17.3190885,7.665613592
BC-33-2020,BC-20-33,BC-33-20,BC-20-33,2020-07-01,Middle,Baird Canyon,7/9/20,60.73831,-144.5687,F,0.158,1-D5,NA,NA,NA,NA,NA,NA,5.2,NA,NA,1.518,1-C5,N,Y,10,Y,Y,0.078,6.7,3.4,6.9,6.1,4.4,5.4,2.1,3.2,11/5/20,61.2,11/10/20,21.9,0.6422,0.3578,NA,11/15/20,2,0.264,955.4635,26.8669,9.614135784,NA,NA,NA,NA,NA,NA,NA,NA,NA,NA,NA,NA,NA,NA,NA,58584.32,NA,2020,430,115,290,55.9811397,-0.562043022,0.00961414,1518,14.5942581,7.57397942
BC-34-2020,BC-20-34,BC-34-20,BC-20-34,2020-07-01,Middle,Baird Canyon,7/10/20,60.73831,-144.5687,F,0.142,1-D8,NA,NA,NA,NA,NA,NA,5.1,NA,NA,1.536,1-C8,N,Y,7,Y,Y,0.074,7.6,5.9,3.2,4.2,2.3,2.9,1.8,1.3,11/5/20,56.8,11/10/20,20.5,0.6391,0.3609,NA,11/15/20,4,0.3874,923.3249,26.7063,9.63871743,NA,NA,NA,NA,NA,NA,NA,NA,NA,NA,NA,NA,NA,NA,NA,58584.32,NA,2020,433,113,304,71.75201769,-0.423292237,0.00963872,1536,14.80507,6.661833568
BC-35-2020,BC-20-35,BC-35-20,BC-20-35,2020-07-01,Middle,Baird Canyon,7/9/20,60.73831,-144.5687,F,0.098,1-D6,NA,NA,NA,NA,NA,NA,4.2,NA,NA,1.78,1-C6,N,Y,6,Y,Y,0.042,7.7,6.2,5.7,5.6,3.8,4.2,1.9,3,11/5/20,56.3,11/10/20,20.4,0.6377,0.3623,NA,11/15/20,2,0.3912,955.4635,26.5213,9.609849378,4,0.4298,923.3249,25.8724,9.374723979,NA,NA,NA,NA,NA,NA,NA,NA,NA,NA,58584.32,NA,2020,462,114,291,58.07319494,-0.08645021,0.00960985,1780,17.1055319,7.524986363
BC-36-2020,BC-20-36,BC-36-20,BC-20-36,2020-07-01,Middle,Baird Canyon,7/9/20,60.73831,-144.5687,F,0.124,1-D3,10,0.4618,10,0.3906,10,0.4142,3.9,4.2,4,NA,1-C3,N,Y,5,Y,Y,0.064,7.9,10.6,6.8,6.9,4,4.9,1.1,3.1,11/5/20,56.1,11/10/20,20.3,0.6381,0.3619,NA,11/15/20,2,0.4738,955.4635,28.467,10.30089305,NA,NA,NA,NA,NA,NA,NA,NA,NA,NA,NA,NA,NA,NA,NA,58584.32,NA,2020,401,112,284,66.09274004,-1.236348376,0.01030089,NA,NA,7.065829011
BC-37-2020,BC-20-37,BC-37-20,BC-20-37,2020-07-01,Middle,Baird Canyon,7/9/20,60.73831,-144.5687,M,0.084,1-D2,NA,NA,NA,NA,NA,NA,NA,NA,NA,2.392,1-C2,N,Y,9,Y,Y,0.04,2.8,3.1,2.4,3.1,1.8,1.5,1,1,11/5/20,57.3,11/10/20,22.2,0.6126,0.3874,NA,11/15/20,4,0.4203,923.3249,23.9636,9.284326702,NA,NA,NA,NA,NA,NA,NA,NA,NA,NA,NA,NA,NA,NA,NA,58584.32,NA,2020,473,133,330,58,1.456303811,0.00928433,2392,22.2081095,7.362068966
BC-38-2020,BC-20-38,BC-38-20,BC-20-38,2020-07-01,Middle,Baird Canyon,7/9/20,60.73831,-144.5687,M,0.028,1-D1,NA,NA,NA,NA,NA,NA,NA,NA,NA,2.184,1-C1,Y,Y,8,Y,Y,0.016,10.5,8.7,7.9,8.6,5.5,8.1,4.5,4,11/5/20,72.1,11/10/20,27.8,0.6144,0.3856,NA,11/15/20,2,0.4367,955.4635,28.3494,10.93083662,NA,NA,NA,NA,NA,NA,NA,NA,NA,NA,NA,NA,NA,NA,NA,58584.32,NA,2020,466,136,329,69.36492901,1.468247341,0.01093084,2184,23.8729472,7.165004089
BC-39-2020,BC-20-39,BC-39-20,BC-20-39,2020-07-01,Middle,Baird Canyon,7/10/20,60.73831,-144.5687,F,0.078,1-E7,10,0.1876,10,0.1959,10,0.1616,3.6,3.4,3.4,1.58,1-D3,N,Y,5,Y,Y,0.034,7.7,8.9,8.6,6.4,6.5,5.2,3,3.5,11/5/20,69.2,11/10/20,26.4,0.6185,0.3815,NA,11/15/20,4,0.4372,923.3249,27.5083,10.49449595,NA,NA,NA,NA,NA,NA,NA,NA,NA,NA,NA,NA,NA,NA,NA,58584.32,NA,2020,422,115,298,61.55995368,-0.58513004,0.0104945,1580,16.5813036,7.35868
BC-40-2020,BC-20-40,BC-40-20,BC-20-40,2020-07-01,Middle,Baird Canyon,7/10/20,60.73831,-144.5687,M,0.026,1-E5,NA,NA,NA,NA,NA,NA,NA,NA,NA,2.442,1-D1,Y,Y,10,Y,Y,0.012,10.7,8.9,11,9.3,6.5,5.5,3,2,11/5/20,66.9,11/10/20,25.1,0.6248,0.3752,NA,11/15/20,2,0.4854,955.4635,29.8175,11.18713378,NA,NA,NA,NA,NA,NA,NA,NA,NA,NA,NA,NA,NA,NA,NA,58584.32,NA,2020,456,134,337,62.52551764,1.3227158,0.01118713,2442,27.3189807,7.596898321
CA-1-2020,CA-20-41,CA-1-20,CA-20-41,2020-08-05,Late,Chitina Airport,9/23/20,61.586499,-144.427586,M,0.018,2-B6,NA,NA,NA,NA,NA,NA,NA,NA,NA,1.366,2-B2,Y,Y,6,Y,Y,0.01,3.9,3.3,3.2,2.4,1.6,1.2,0.8,0.8,11/14/20,121.1,11/19/20,35.2,0.7093,0.2907,NA,11/23/20,2,0.4236,955.4635,25.2043,7.326105367,NA,NA,NA,NA,NA,NA,NA,NA,NA,NA,NA,NA,NA,NA,NA,150114.06,NA,2020,418,99,254,60,-1.94566145,0.00732611,1366,10.0074599,7.216666667
CA-2-2020,CA-20-42,CA-2-20,CA-20-42,2020-08-06,Late,Chitina Airport,9/23/20,61.586499,-144.427586,M,0.064,2-A7,NA,NA,NA,NA,NA,NA,NA,NA,NA,1.994,2-A7,N,Y,5,Y,Y,0.03,1.1,0.8,0.8,0.8,1.3,0.8,1.6,0.7,11/14/20,115.1,11/19/20,31.3,0.7281,0.2719,NA,11/23/20,4,0.3961,923.3249,23.4554,6.378401564,NA,NA,NA,NA,NA,NA,NA,NA,NA,NA,NA,NA,NA,NA,NA,150114.06,NA,2020,453,118,292,59.57518332,-0.034929732,0.0063784,1994,12.7185327,7.570266256
CA-3-2020,CA-20-43,CA-3-20,CA-20-43,2020-08-06,Late,Chitina Airport,9/28/20,61.586499,-144.427586,F,0.266,Fin Well ID 3(2),NA,NA,NA,NA,NA,NA,5.1,NA,NA,1.93,2-E3,N,Y,5,Y,Y,0.116,0.7,0.7,0.7,0.8,0.8,0.8,0.8,0.7,11/14/20,175,11/19/20,47.7,0.7274,0.2726,NA,11/24/20,2,0.394,955.4635,23.7983,6.486736629,NA,NA,NA,NA,NA,NA,NA,NA,NA,NA,NA,NA,NA,NA,NA,150114.06,NA,2020,467,120,308,60.59438973,0.485800359,0.00648674,1930,12.5194017,7.45943646
CA-4-2020,CA-20-44,CA-4-20,CA-20-44,2020-08-06,Late,Chitina Airport,9/28/20,61.586499,-144.427586,F,0.158,Fin well ID 7(2),10,0.804,NA,NA,NA,NA,4.2,NA,NA,1.248,2-E7,N,Y,5,Y,Y,0.076,1,0.7,0.7,1.2,0.6,0.7,0.5,0.9,11/14/20,108.1,11/19/20,28.1,0.7401,0.2599,NA,11/24/20,2,0.4491,955.4635,23.668,6.152366327,NA,NA,NA,NA,NA,NA,NA,NA,NA,NA,NA,NA,NA,NA,NA,150114.06,NA,2020,414,100,260,67,-1.885880895,0.00615237,1248,7.67815318,7.402985075
CA-5-2020,CA-20-45,CA-5-20,CA-20-45,2020-08-06,Late,Chitina Airport,9/23/20,61.586499,-144.427586,M,0.048,2-B5,NA,NA,NA,NA,NA,NA,NA,NA,NA,1.312,2-B1,N,Y,6,Y,Y,0.024,3.9,1.6,1.5,1.5,1.4,1.4,0.8,0.8,11/14/20,161.5,11/19/20,48.1,0.7022,0.2978,NA,11/24/20,2,0.4778,955.4635,23.399,6.968990093,NA,NA,NA,NA,NA,NA,NA,NA,NA,NA,NA,NA,NA,NA,NA,150114.06,NA,2020,406,106,261,59,-1.727789452,0.00696899,1312,9.143315,7.423728814
CA-6-2020,CA-20-46,CA-6-20,CA-20-46,2020-08-06,Late,Chitina Airport,9/23/20,61.586499,-144.427586,M,0.056,2-A5,NA,NA,NA,NA,NA,NA,NA,NA,NA,1.032,2-A5,N,Y,6,Y,Y,0.028,1.6,1.5,2.9,1.2,2.3,0.9,1.6,0.8,11/14/20,183.8,11/19/20,51.9,0.7176,0.2824,NA,11/24/20,2,0.3783,955.4635,24.0486,6.790654733,NA,NA,NA,NA,NA,NA,NA,NA,NA,NA,NA,NA,NA,NA,NA,150114.06,NA,2020,381,97,239,62,-2.81849568,0.00679065,1032,7.00795568,7.693548387
CA-7-2020,CA-20-47,CA-7-20,CA-20-47,2020-08-06,Late,Chitina Airport,9/28/20,61.586499,-144.427586,F,0.19,Fin well ID 48,10,0.7253,NA,NA,NA,NA,5,NA,NA,1.35,2-D12,N,Y,5,Y,Y,0.076,1.3,1.1,1.5,1.3,1,0.8,1.3,0.6,11/14/20,182.3,11/19/20,54.4,0.7016,0.2984,NA,11/24/20,2,0.3975,955.4635,25.6418,7.651749424,NA,NA,NA,NA,NA,NA,NA,NA,NA,NA,NA,NA,NA,NA,NA,150114.06,NA,2020,419,105,276,62,-1.37196671,0.00765175,1350,10.3298617,7.838709677
CA-8-2020,CA-20-48,CA-8-20,CA-20-48,2020-08-06,Late,Chitina Airport,9/23/20,61.586499,-144.427586,M,0.058,2-B3,NA,NA,NA,NA,NA,NA,NA,NA,NA,1.752,2-A11,N,Y,5,Y,Y,0.03,4,4.2,3.9,5.1,2.8,1.8,1.2,1.3,11/14/20,146.8,11/19/20,48.2,0.6717,0.3283,NA,11/24/20,2,0.4147,955.4635,16.4674,5.406871117,NA,NA,NA,NA,NA,NA,NA,NA,NA,NA,NA,NA,NA,NA,NA,150114.06,NA,2020,445,117,281,59,-0.350131375,0.00540687,1752,9.4728382,7.847457627
CA-9-2020,CA-20-49,CA-9-20,CA-20-49,2020-08-06,Late,Chitina Airport,9/24/20,61.586499,-144.427586,M,0.064,2-C1,NA,NA,NA,NA,NA,NA,NA,NA,NA,1.592,2-B5,N,Y,6,Y,Y,0.036,0.8,0.8,0.8,0.7,0.7,0.7,0.6,0.6,11/14/20,114.3,11/19/20,29.7,0.7402,0.2598,NA,11/24/20,2,0.381,955.4635,23.7752,6.177807874,NA,NA,NA,NA,NA,NA,NA,NA,NA,NA,NA,NA,NA,NA,NA,150114.06,NA,2020,434,105,266,53,-1.26374015,0.00617781,1592,9.83507014,8
CA-10-2020,CA-20-50,CA-10-20,CA-20-50,2020-08-06,Late,Chitina Airport,9/23/20,61.586499,-144.427586,M,0.044,2-B7,NA,NA,NA,NA,NA,NA,NA,NA,NA,2.244,2-B3,Y,Y,6,Y,Y,0.024,6.6,5.5,5.9,5.7,3.7,5.6,1.5,2.3,11/14/20,158.3,11/19/20,55.6,0.6488,0.3512,NA,11/24/20,2,0.4336,955.4635,29.0382,10.19914037,NA,NA,NA,NA,NA,NA,NA,NA,NA,NA,NA,NA,NA,NA,NA,150114.06,NA,2020,482,130,308,69,1.177390756,0.01019914,2244,22.886871,7.188405797
CA-11-2020,CA-20-51,CA-11-20,CA-20-51,2020-08-06,Late,Chitina Airport,9/28/20,61.586499,-144.427586,F,0.23,Fin well ID 1(2),10,0.7713,NA,NA,NA,NA,4.6,NA,NA,1.474,2-E1 (1 oto),N,Y,5,Y,Y,0.106,NA,,NA,NA,NA,NA,NA,NA,11/23/20,96.9,1/5/21,24.6,0.7461,0.2539,NA,2/5/21,4,0.407,923.3249,21.7376,5.518523839,4,0.4458,923.3249,21.4656,5.449471207,NA,NA,NA,NA,NA,NA,NA,NA,NA,NA,150114.06,NA,2020,443,105,270,59,-1.068927413,0.00551852,1474,8.13430414,7.254237288
CA-12-2020,CA-20-52,CA-12-20,CA-20-52,2020-08-06,Late,Chitina Airport,9/28/20,61.586499,-144.427586,F,0.18,Fin clip ID: 46,10,0.6211,NA,NA,NA,NA,4.4,NA,NA,1.384,2-D10 (1 oto),Y,Y,6,Y,Y,0.086,4.3,3.5,4.2,2.8,4.5,3.1,2.7,1.9,11/23/20,108.9,1/5/21,35.4,0.6749,0.3251,NA,2/5/21,2,0.4661,955.4635,25.5009,8.28954876,NA,NA,NA,NA,NA,NA,NA,NA,NA,NA,NA,NA,NA,NA,NA,150114.06,NA,2020,420,105,268,72,-1.459994593,0.00828955,1384,11.4727355,6.361111111
CA-13-2020,CA-20-53,CA-13-20,CA-20-53,2020-08-06,Late,Chitina Airport,9/28/20,61.586499,-144.427586,F,0.164,Fin well ID: 9(2),NA,NA,NA,NA,NA,NA,4.2,NA,NA,1.198,2-E9 (1 oto),N,Y,6,Y,Y,0.092,0.8,0.8,1.1,1.6,1.9,0.7,0.7,0.6,11/23/20,108.4,1/5/21,28.6,0.7362,0.2638,NA,2/5/21,2,0.4873,955.4635,23.876,6.299387454,NA,NA,NA,NA,NA,NA,NA,NA,NA,NA,NA,NA,NA,NA,NA,150114.06,NA,2020,399,104,261,56,-1.929601761,0.00629939,1198,7.54666617,7.732142857
CA-14-2020,CA-20-54,CA-14-20,CA-20-54,2020-08-06,Late,Chitina Airport,,61.586499,-144.427586,F,0.18,Fin well ID 2(2),NA,NA,NA,NA,NA,NA,4.6,NA,NA,1.806,2-E2,Y,Y,4,Y,Y,0.09,1.3,1.7,1,1.4,0.8,1.3,0.8,0.7,11/23/20,133,1/5/21,39.7,0.7015,0.2985,NA,2/5/21,4,0.5125,923.3249,18.1292,5.411498045,NA,NA,NA,NA,NA,NA,NA,NA,NA,NA,NA,NA,NA,NA,NA,150114.06,NA,2020,485,105,280,57,-0.272361204,0.0054115,1806,9.77316547,8.298245614
CA-16-2020,CA-20-56,CA-16-20,CA-20-56,2020-08-06,Late,Chitina Airport,9/28/20,61.586499,-144.427586,F,0.192,Fin Well ID: 5(2),NA,NA,NA,NA,NA,NA,5.1,NA,NA,1.582,2-E5 (1 OTO),N,Y,6,Y,Y,0.076,2.1,1.6,1.8,1.5,1.6,1.9,1.3,0.8,11/23/20,110,1/5/21,33.1,0.6991,0.3009,NA,2/5/21,4,0.3226,923.3249,18.0088,5.419011636,NA,NA,NA,NA,NA,NA,NA,NA,NA,NA,NA,NA,NA,NA,NA,150114.06,NA,2020,440,112,285,57,-0.604291959,0.00541901,1582,8.57287641,8.350877193
CA-17-2020,CA-20-57,CA-17-20,CA-20-57,2020-08-06,Late,Chitina Airport,9/23/20,61.586499,-144.427586,M,0.074,2-B1,NA,NA,NA,NA,NA,NA,NA,NA,NA,2.16,2-A9,Y,Y,6,Y,Y,0.038,1.7,1.5,1.7,1.8,1.2,1.5,0.8,1.5,11/23/20,86.8,1/5/21,26.5,0.6947,0.3053,NA,2/5/21,2,0.4074,955.4635,20.7262,6.327699309,NA,NA,NA,NA,NA,NA,NA,NA,NA,NA,NA,NA,NA,NA,NA,150114.06,NA,2020,497,124,302,62,1.065475814,0.0063277,2160,13.6678305,7.258064516
CA-18-2020,CA-20-58,CA-18-20,CA-20-58,2020-08-06,Late,Chitina Airport,9/23/20,61.586499,-144.427586,M,0.042,N/A,NA,NA,NA,NA,NA,NA,NA,NA,NA,1.236,2-A2,Y,Y,5,Y,Y,0.02,4.6,3.3,2.8,2,3.4,1.4,1.2,1.4,11/23/20,114.7,1/5/20,37,0.6774,0.3226,NA,2/5/21,2,0.4213,955.4635,24.9155,8.037258065,NA,NA,NA,NA,NA,NA,NA,NA,NA,NA,NA,NA,NA,NA,NA,150114.06,NA,2020,403,100,260,59,-2.060490026,0.00803726,1236,9.93405097,7.254237288
CA-19-2020,CA-20-59,CA-19-20,CA-20-59,2020-08-06,Late,Chitina Airport,9/28/20,61.586499,-144.427586,F,0.134,Fin well ID 47,NA,NA,NA,NA,NA,NA,5.2,NA,NA,1.132,2-D11,N,Y,8,Y,Y,0.064,1.5,2.5,1.2,1.6,1.1,1.2,2,1,11/23/20,93.4,1/5/21,27.2,0.7088,0.2912,NA,2/5/21,4,0.4181,923.3249,23.8014,6.931456959,NA,NA,NA,NA,NA,NA,NA,NA,NA,NA,NA,NA,NA,NA,NA,150114.06,NA,2020,400,97,256,62,-2.296107529,0.00693146,1132,7.84640928,7.435483871
CA-20-2020,CA-20-60,CA-20-20,CA-20-60,2020-08-06,Late,Chitina Airport,9/23/20,61.586499,-144.427586,M,0.09,2-B4,NA,NA,NA,NA,NA,NA,NA,NA,NA,2.068,2-A12 (1 OTO),Y,Y,6,Y,Y,0.044,4.1,2.8,5.1,2.5,3,1.5,1,0.9,11/23/20,128,1/5/20,41.3,0.6773,0.3227,NA,2/5/21,2,0.423,955.4635,27.4226,8.848073281,NA,NA,NA,NA,NA,NA,NA,NA,NA,NA,NA,NA,NA,NA,NA,150114.06,NA,2020,473,120,299,53,0.464152583,0.00884807,2068,18.2978155,7.132075472
BC-1-2021,BC-1-2021,BC-1-21,BC-L-1,2021-06-02,Early,Baird Canyon,6/23/21,60.73831,-144.5687,F,0.132,1-C1,10,0.4759,NA,NA,NA,NA,5.5,NA,NA,2.088,1-B5,N,Y,5,Y,Y,0.072,9.2,8,9.1,7.6,5.8,5.5,2.5,2.6,9/24/21,64.7,9/28/21,23.6,0.6352,0.3648,NA,10/1/21,2,0.3798,955.4635,25.689,9.370330757,NA,9.0774,NA,NA,NA,NA,NA,NA,NA,NA,NA,NA,NA,NA,NA,58584.32,NA,2021,454,137,310,64,1.076347436,0.00937033,2088,19.5652506,6.796875
BC-2-2021,BC-2-2021,BC-2-21,BC-L-2,2021-06-02,Early,Baird Canyon,6/23/21,60.73831,-144.5687,F,0.15,1-C3,10,0.5758,NA,NA,NA,NA,5,NA,NA,1.4,1-B7,N,Y,5,Y,Y,0.084,4.9,4.6,2.7,3.3,1.2,1.4,1.3,1.5,9/24/21,71.4,9/30/21,22.5,0.6849,0.3151,NA,10/1/21,2,0.2907,955.4635,25.4255,8.012237395,NA,NA,NA,NA,NA,NA,NA,NA,NA,NA,NA,NA,NA,NA,NA,58584.32,NA,2021,422,114,284,68,-0.812306265,0.00801224,1400,11.2171324,7.073529412
BC-3-2021,BC-3-2021,BC-3-21,BC-L-3,2021-06-02,Early,Baird Canyon,6/23/21,60.73831,-144.5687,F,0.222,1-B7,12,0.8384,NA,NA,NA,NA,4.1,NA,NA,2.222,1-B3,N,Y,5,Y,Y,0.11,10.3,10.4,7.8,7.4,5.7,5.2,3.1,4.2,9/24/21,122,9/30/21,43.1,0.6467,0.3533,NA,10/1/21,4,0.3544,923.3249,26.1136,9.225378361,NA,NA,NA,NA,NA,NA,NA,NA,NA,NA,NA,NA,NA,NA,NA,58584.32,NA,2021,463,142,343,64,1.874546411,0.00922538,2222,20.4987907,7.46875
BC-4-2021,BC-4-2021,BC-4-21,BC-L-4,2021-06-02,Early,Baird Canyon,6/23/21,60.73831,-144.5687,F,0.088,1-B3,10,0.276,NA,NA,NA,NA,4.5,NA,NA,1.804,1-A11,N,Y,6,Y,Y,0.04,7,14.3,11.5,12.1,3.9,4.4,2.6,3.2,9/24/21,115,9/30/21,42.9,0.627,0.373,NA,10/1/21,2,0.3475,955.4635,28.4498,10.61301235,NA,NA,NA,NA,NA,NA,NA,NA,NA,NA,NA,NA,NA,NA,NA,58584.32,NA,2021,465,123,295,75,0.421259515,0.01061301,1804,19.1458743,6.04
BC-5-2021,BC-5-2021,BC-5-21,BC-L-5,2021-06-02,Early,Baird Canyon,6/23/21,60.73831,-144.5687,F,0.112,1-B8,10,0.1978,NA,NA,NA,NA,4.5,NA,NA,2.198,1-B4,N,Y,5,Y,Y,0.052,7,7.2,6.4,8.5,2.9,3.5,2.6,2.1,9/24/21,106.6,9/30/21,36.2,0.6604,0.3396,NA,10/1/21,4,0.3263,923.3249,26.0386,8.84237636,NA,NA,NA,NA,NA,NA,NA,NA,NA,NA,NA,NA,NA,NA,NA,58584.32,NA,2021,466,138,330,76,1.571932428,0.00884238,2198,19.4355432,6.263157895
BC-6-2021,BC-6-2021,BC-6-21,BC-L-6,2021-06-02,Early,Baird Canyon,6/11/21,60.73831,-144.5687,M,0.066,1-A1,NA,NA,NA,NA,NA,NA,NA,NA,NA,3.24,1-A1,N,Y,NA,Y,Y,0.032,15,14.6,10.2,12,4.7,10.3,3.7,3.8,9/24/21,148.9,9/30/21,55.2,0.6293,0.3707,NA,10/1/21,4,0.4734,923.3249,25.2722,9.368874681,2,0.3773,955.4635,26.8256,9.944748959,4,0.3954,923.3249,26.0424,9.865406987,NA,NA,NA,NA,NA,58584.32,NA,2021,536,149,370,78,3.701424385,0.00936887,3240,30.355154,6.205128205
BC-7-2021,BC-7-2021,BC-7-21,BC-L-7,2021-06-02,Early,Baird Canyon,6/23/21,60.73831,-144.5687,F,0.132,1-C4,10,0.3339,NA,NA,NA,NA,5.2,NA,NA,1.674,1-B8,N,Y,5,Y,Y,0.064,7.6,6.4,7,6.5,3.7,4.8,1.4,3.3,9/24/21,91.6,9/30/21,34.7,0.6212,0.3788,NA,10/1/21,2,0.3331,955.4635,27.0696,10.25453188,NA,NA,NA,NA,NA,NA,NA,NA,NA,NA,NA,NA,NA,NA,NA,58584.32,NA,2021,436,128,305,73,0.31754667,0.01025453,1674,17.1660864,6.821917808
BC-8-2021,BC-8-2021,BC-8-21,BC-L-8,2021-06-02,Early,Baird Canyon,6/11/21,60.73831,-144.5687,M,0.078,1-A4,NA,NA,NA,NA,NA,NA,NA,NA,NA,2.124,1-A4,N,Y,8,Y,Y,0.038,8.3,8.9,9,9.6,6.1,5.3,2.9,2.9,9/24/21,104.9,9/30/21,36.8,0.6492,0.3508,NA,10/1/21,4,0.3048,923.3249,26.467,9.284896092,NA,NA,NA,NA,NA,NA,NA,NA,NA,NA,NA,NA,NA,NA,NA,58584.32,NA,2021,451,125,715,70,5.744552733,0.0092849,2124,19.7211193,6.671428571
BC-9-2021,BC-9-2021,BC-9-21,BC-L-9,2021-06-02,Early,Baird Canyon,6/11/21,60.73831,-144.5687,M,0.048,1-A3,NA,NA,NA,NA,NA,NA,NA,NA,NA,2.506,1-A3 (No otoliths),NO READ,Y,NA,Y,Y,0.026,12.4,12.9,11.8,12.4,8.6,8.2,3.5,3.7,9/24/21,125.3,9/30/21,47.2,0.6233,0.3767,NA,10/1/21,2,0.3223,955.4635,26.7901,10.09172163,NA,NA,NA,NA,NA,NA,NA,NA,NA,NA,NA,NA,NA,NA,NA,58584.32,NA,2021,487,138,344,71,2.087104653,0.01009172,2506,25.2898544,5.873239437
BC-10-2021,BC-10-2021,BC-10-21,BC-L-10,2021-06-02,Early,Baird Canyon,6/11/21,60.73831,-144.5687,M,0.04,1-B2,NA,NA,NA,NA,NA,NA,NA,NA,NA,1.732,1-A10,N,Y,NA,Y,Y,0.02,9.9,10,12.1,9.8,5.2,6.4,2.7,3.4,9/24/21,78.7,9/30/21,31,0.6061,0.3939,NA,10/1/21,4,0.2511,923.3249,23.3946,9.215153748,NA,NA,NA,NA,NA,NA,NA,NA,NA,NA,NA,NA,NA,NA,NA,58584.32,NA,2021,448,125,300,42,0.307044847,0.00921515,1732,15.9606463,8.285714286
BC-11-2021,BC-11-2021,BC-11-21,BC-L-11,2021-06-02,Early,Baird Canyon,6/11/21,60.73831,-144.5687,M,0.072,1-A8,NA,NA,NA,NA,NA,NA,NA,NA,NA,1.678,1-A8,N,Y,NA,Y,Y,0.038,7.6,8.4,6.8,7.8,2.8,4.2,2,1.8,9/24/21,100.8,9/29/21,29.6,0.7063,0.2937,NA,10/1/21,2,0.3795,955.4635,26.3579,7.740018254,NA,NA,NA,NA,NA,NA,NA,NA,NA,NA,NA,NA,NA,NA,NA,58584.32,NA,2021,427,125,290,65,-0.156176657,0.00774002,1678,12.9877506,6.8
BC-12-2021,BC-12-2021,BC-12-21,BC-L-12,2021-06-02,Early,Baird Canyon,6/23/21,60.73831,-144.5687,F,0.148,1-B6,10,0.3742,NA,NA,NA,NA,4.5,NA,NA,1.852,1-B2,N,Y,5,Y,Y,0.058,15.5,12.4,12,9.9,5.5,5.5,3.9,2.6,9/24/21,97,9/29/21,34.1,0.6485,0.3515,NA,10/1/21,4,0.4261,955.4635,27.6429,9.717761753,NA,NA,NA,NA,NA,NA,NA,NA,NA,NA,NA,NA,NA,NA,NA,58584.32,NA,2021,453,125,305,60,0.451351034,0.00971776,1852,17.9972948,7.683333333
BC-13-2021,BC-13-2021,BC-13-21,BC-L-13,2021-06-02,Early,Baird Canyon,6/23/21,60.73831,-144.5687,F,0.176,1-C2,10,0.5919,NA,NA,NA,NA,6,NA,NA,1.654,1-B6,N,Y,5,Y,Y,0.094,5.4,4.7,4.5,2.9,1.5,2.6,1.3,1.6,9/26/21,81.8,9/30/21,28.3,0.654,0.346,NA,10/1/21,2,0.2672,955.4635,26.5696,9.192172127,NA,NA,NA,NA,NA,NA,NA,NA,NA,NA,NA,NA,NA,NA,NA,58584.32,NA,2021,438,119,286,49,-0.305610468,0.00919217,1654,15.2038527,8.326530612
BC-14-2021,BC-14-2021,BC-14-21,BC-L-14,2021-06-02,Early,Baird Canyon,6/23/21,60.73831,-144.5687,F,0.092,1-B4,10,0.4723,NA,NA,NA,NA,5,NA,NA,1.052,1-A12,N,Y,5,Y,Y,0.036,10.7,8.2,7.9,8,4.8,2.5,2,2.3,9/26/21,88.8,9/30/21,28.6,0.6779,0.3221,NA,10/1/21,4,0.2772,923.3249,25.4265,8.189165541,NA,NA,NA,NA,NA,NA,NA,NA,NA,NA,NA,NA,NA,NA,NA,58584.32,NA,2021,388,105,250,65,-2.201726669,0.00818917,1052,8.61500215,7.507692308
BC-15-2021,BC-15-2021,BC-15-21,BC-L-15,2021-06-02,Early,Baird Canyon,6/11/21,60.73831,-144.5687,M,0.058,1-A2,NA,NA,NA,NA,NA,NA,NA,NA,NA,2.432,1-A2,N,Y,15,Y,Y,0.03,10.8,11.7,13.4,11.9,7.2,8.8,1.6,3.9,9/26/21,142.4,10/1/21,50.5,0.6454,0.3546,NA,10/5/21,2,0.4605,955.4635,26.8631,9.526590941,NA,NA,NA,NA,NA,NA,NA,NA,NA,NA,NA,NA,NA,NA,NA,58584.32,NA,2021,475,129,330,35,1.306656112,0.00952659,2432,23.1686692,7.914285714
BC-16-2021,BC-16-2021,BC-16-21,BC-L-16,2021-06-02,Early,Baird Canyon,6/11/21,60.73831,-144.5687,M,0.038,1-B1,NA,NA,NA,NA,NA,NA,NA,NA,NA,1.756,1-A9,N,Y,5,Y,Y,0.016,9.5,7.1,9.3,7.4,5,3.1,3,1.8,9/26/21,107.4,9/30/21,36.5,0.6601,0.3399,NA,10/1/21,2,0.3388,923.3249,24.3757,8.284106611,NA,NA,NA,NA,NA,NA,NA,NA,NA,NA,NA,NA,NA,NA,NA,58584.32,NA,2021,437,115,292,50,-0.42495276,0.00828411,1756,14.5468912,7.32
BC-17-2021,BC-17-2021,BC-17-21,BC-L-17,2021-06-02,Early,Baird Canyon,6/23/21,60.73831,-144.5687,F,0.124,1-B5,10,0.2936,NA,NA,NA,NA,4,NA,NA,1.898,1-B1,N,Y,5,Y,Y,0.054,16.5,11.7,10.5,8.5,4.1,4.7,3,3.8,9/26/21,136.2,10/1/21,47.7,0.6498,0.3502,NA,10/5/21,4,0.2614,923.3249,26.1097,9.144146035,NA,NA,NA,NA,NA,NA,NA,NA,NA,NA,NA,NA,NA,NA,NA,58584.32,NA,2021,468,117,298,63,0.235751005,0.00914415,1898,17.3555892,7.507936508
BC-18-2021,BC-18-2021,BC-18-21,BC-L-18,2021-06-02,Early,Baird Canyon,6/11/21,60.73831,-144.5687,M,0.108,1-A6,NA,NA,NA,NA,NA,NA,NA,NA,NA,2.76,1-A6,N,Y,NA,Y,Y,0.052,7,7.3,5.7,4.5,4.2,3.4,1.7,1.8,9/26/21,80.9,9/30/21,27.1,0.665,0.335,NA,10/4/21,2,0.3335,955.4635,24.9941,8.372560074,4,0.3421,923.3249,25.7522,8.626509518,NA,NA,NA,NA,NA,NA,NA,NA,NA,NA,58584.32,NA,2021,502,141,350,68,2.539180205,0.00837256,2760,23.1082658,6.852941176
BC-19-2021,BC-19-2021,BC-19-21,BC-L-19,2021-06-02,Early,Baird Canyon,6/11/21,60.73831,-144.5687,M,0.07,1-A5,NA,NA,NA,NA,NA,NA,NA,NA,NA,1.652,1-A5,N,Y,5,Y,Y,0.032,6.6,6.5,7.9,9.5,2.4,4.2,1.7,2,10/4/21,107.9,10/7/21,33.4,0.6905,0.3095,NA,10/8/21,4,0.4112,923.3249,26.3708,8.162972382,NA,NA,NA,NA,NA,NA,NA,NA,NA,NA,NA,NA,NA,NA,NA,58584.32,NA,2021,432,116,290,60,-0.484947203,0.00816297,1652,13.4852304,7.6
BC-20-2021,BC-20-2021,BC-20-21,BC-L-20,2021-06-02,Early,Baird Canyon,6/11/21,60.73831,-144.5687,M,0.074,1-A7,NA,NA,NA,NA,NA,NA,NA,NA,NA,2.932,1-A7,N,Y,5,Y,Y,0.034,10.3,9.9,14.1,11.6,9.6,7.6,6.9,4.7,9/27/21,145,10/4/21,48,0.669,0.331,NA,10/5/21,2,0.2546,955.4635,27.0064,8.940049655,NA,NA,NA,NA,NA,NA,NA,NA,NA,NA,NA,NA,NA,NA,NA,58584.32,NA,2021,505,151,372,51,3.326016874,0.00894005,2932,26.2122256,8.196078431
BC-21-2021,BC-21-2021,BC-21-21,BC-L-21,2021-06-18,Middle,Baird Canyon,6/24/21,60.73831,-144.5687,F,0.166,1-D1,10,0.6253,NA,NA,NA,NA,4.1,NA,NA,1.642,1-C1,N,Y,5,Y,Y,0.066,6.1,7.8,4.6,4.7,1.6,1.7,1,1.2,9/27/21,122,10/1/21,36.1,0.7041,0.2959,NA,10/5/21,4,0.3192,923.3249,26.0172,7.698532131,NA,NA,NA,NA,NA,NA,NA,NA,NA,NA,NA,NA,NA,NA,NA,58584.32,NA,2021,446,116,285,56,-0.327655801,0.00769853,1642,12.6409898,8.089285714
BC-22-2021,BC-22-2021,BC-22-21,BC-L-22,2021-06-18,Middle,Baird Canyon,6/25/21,60.73831,-144.5687,M,0.092,1-E2,NA,NA,NA,NA,NA,NA,NA,NA,NA,2.128,1-C10,N,Y,5,Y,Y,0.05,8,10.3,6.8,10.1,4.6,5,2.3,2.5,9/27/21,113,10/1/21,39,0.6549,0.3451,NA,10/5/21,2,0.3678,955.4635,25.918,8.945150442,NA,NA,NA,NA,NA,NA,NA,NA,NA,NA,NA,NA,NA,NA,NA,58584.32,NA,2021,461,128,316,47,0.857250085,0.00894515,2128,19.0352801,8.638297872
BC-23-2021,BC-23-2021,BC-23-21,BC-L-23,2021-06-18,Middle,Baird Canyon,6/25/21,60.73831,-144.5687,M,0.094,1-E4,NA,NA,NA,NA,NA,NA,NA,NA,NA,2.084,1-C12,N,Y,5,Y,Y,0.048,6,7,7.2,6.4,2.6,1.9,2.9,1.3,9/27/21,102,10/4/21,32,0.6863,0.3137,NA,10/5/21,4,0.3031,923.3249,26.0289,8.165929412,NA,NA,NA,NA,NA,NA,NA,NA,NA,NA,NA,NA,NA,NA,NA,58584.32,NA,2021,442,132,328,42,0.89289947,0.00816593,2084,17.0177969,9.071428571
BC-24-2021,BC-24-2021,BC-24-21,BC-L-24,2021-06-18,Middle,Baird Canyon,6/25/21,60.73831,-144.5687,M,0.074,1-D7,NA,NA,NA,NA,NA,NA,NA,NA,NA,3.276,1-C7,N,Y,5,Y,Y,0.038,8.5,9.5,6.5,8.8,4.4,4.2,2.9,2.1,9/27/21,115,10/4/21,38.8,0.6626,0.3374,NA,10/5/21,2,0.5057,955.4635,28.4147,9.586872696,NA,NA,NA,NA,NA,NA,NA,NA,NA,NA,NA,NA,NA,NA,NA,58584.32,NA,2021,511,146,369,55,3.15555166,0.00958687,3276,31.406595,8.090909091
BC-25-2021,BC-25-2021,BC-25-21,BC-L-25,2021-06-18,Middle,Baird Canyon,6/25/21,60.73831,-144.5687,M,0.044,1-E8,NA,NA,NA,NA,NA,NA,NA,NA,NA,1.894,1-D4,N,Y,5,Y,Y,0.022,8.6,10.1,8.5,12.2,4.5,4.5,2.7,4.4,9/27/21,107,10/4/21,36.8,0.6561,0.3439,NA,10/5/21,4,0.3928,923.3249,26.7186,9.189200748,NA,NA,NA,NA,NA,NA,NA,NA,NA,NA,NA,NA,NA,NA,NA,58584.32,NA,2021,462,122,300,49,0.393228539,0.0091892,1894,17.4043462,8.857142857
BC-26-2021,BC-26-2021,BC-26-21,BC-L-26,2021-06-18,Middle,Baird Canyon,6/25/21,60.73831,-144.5687,M,0.086,1-E6,NA,NA,NA,NA,NA,NA,NA,NA,NA,1.262,1-D2,N,Y,5,Y,Y,0.044,6,5.9,3.9,4.7,1.8,1.9,1.1,2,9/27/21,116,10/4/21,34.2,0.7052,0.2948,NA,10/5/21,2,0.4059,955.4635,26.1898,7.721475517,NA,NA,NA,NA,NA,NA,NA,NA,NA,NA,NA,NA,NA,NA,NA,58584.32,NA,2021,374,114,273,57,-1.717101498,0.00772148,1262,9.7445021,8.456140351
BC-27-2021,BC-27-2021,BC-27-21,BC-L-27,2021-06-18,Middle,Baird Canyon,6/24/21,60.73831,-144.5687,F,0.194,1-C5,10,0.859,NA,NA,NA,NA,5.5,NA,NA,1.28,1-B9,N,Y,5,Y,Y,0.09,4.1,5.3,4.5,5.1,4.2,3.2,1.2,1.4,9/27/21,124,10/1/21,32.9,0.7347,0.2653,NA,10/5/21,4,0.3167,923.3249,25.0733,6.652512661,NA,NA,NA,NA,NA,NA,NA,NA,NA,NA,NA,NA,NA,NA,NA,58584.32,NA,2021,401,105,269,60,-1.748604502,0.00665251,1280,8.51521621,8.283333333
BC-28-2021,BC-28-2021,BC-28-21,BC-L-28,2021-06-18,Middle,Baird Canyon,6/25/21,60.73831,-144.5687,M,0.066,1-E3,NA,NA,NA,NA,NA,NA,NA,NA,NA,1.822,1-C11,N,Y,5,Y,Y,0.032,9,8,6.4,7.2,2.8,2.7,2.2,2.2,9/27/21,134,10/4/21,45.9,0.6575,0.3425,NA,10/5/21,2,0.3182,955.4635,26.7156,9.151089851,NA,NA,NA,NA,NA,NA,NA,NA,NA,NA,NA,NA,NA,NA,NA,58584.32,NA,2021,449,117,297,46,-0.078834265,0.00915109,1822,16.6732857,8.760869565
BC-29-2021,BC-29-2021,BC-29-21,BC-L-29,2021-06-18,Middle,Baird Canyon,6/24/21,60.73831,-144.5687,F,0.11,1-D4,10,0.401,NA,NA,NA,NA,4.3,NA,NA,1.918,1-C4,N,Y,5,Y,Y,0.048,10.4,11.7,8.4,8.5,4.3,4.3,3.6,4.1,9/27/21,119,10/1/21,43.1,0.6378,0.3622,NA,10/5/21,4,0.3067,923.3249,24.0307,8.70355605,NA,NA,NA,NA,NA,NA,NA,NA,NA,NA,NA,NA,NA,NA,NA,58584.32,NA,2021,455,118,300,60,0.100718823,0.00870356,1918,16.6934205,7.883333333
BC-30-2021,BC-30-2021,BC-30-21,BC-L-30,2021-06-18,Middle,Baird Canyon,6/24/21,60.73831,-144.5687,F,0.06,1-C8,10,0.5788,NA,NA,NA,NA,3.9,NA,NA,2.352,1-B12,N,Y,5,Y,Y,0.06,15.3,15.7,12.1,13.2,8.9,7.1,4.5,3.4,9/27/21,101,10/4/21,38.2,0.6218,0.3782,NA,10/5/21,2,0.2617,955.4635,28.2575,10.6874901,NA,NA,NA,NA,NA,NA,NA,NA,NA,NA,NA,NA,NA,NA,NA,58584.32,NA,2021,490,133,325,78,1.661215886,0.01068749,2352,25.1369767,6.871794872
BC-31-2021,BC-31-2021,BC-31-21,BC-L-31,2021-06-18,Middle,Baird Canyon,6/24/21,60.73831,-144.5687,F,0.094,1-C7,10,0.4008,NA,NA,NA,NA,3.2,NA,NA,2.134,1-B11,N,Y,5,Y,Y,0.046,20.6,19,15.8,15.5,9.7,6.8,4.5,3.4,9/27/21,122,10/1/21,43.2,0.6459,0.3541,NA,10/5/21,4,0.3024,923.3249,26.4667,9.371815082,NA,NA,NA,NA,NA,NA,NA,NA,NA,NA,NA,NA,NA,NA,NA,58584.32,NA,2021,485,128,320,64,1.290166181,0.00937182,2134,19.9994534,7.046875
BC-32-2021,BC-32-2021,BC-32-21,BC-L-32,2021-06-18,Middle,Baird Canyon,6/24/21,60.73831,-144.5687,F,0.074,1-C6,10,0.4018,NA,NA,NA,NA,3.6,NA,NA,1.79,1-B10,N,Y,5,Y,Y,0.034,16.4,17.4,13,13.1,6.3,6.8,4.1,3.5,9/27/21,104,10/1/21,35.3,0.6606,0.3394,NA,10/5/21,2,0.2865,955.4635,26.4787,8.987481827,NA,NA,NA,NA,NA,NA,NA,NA,NA,NA,NA,NA,NA,NA,NA,58584.32,NA,2021,440,122,298,79,0.018034918,0.00898748,1790,16.0875925,6.164556962
BC-33-2021,BC-33-2021,BC-33-21,BC-L-33,2021-06-18,Middle,Baird Canyon,6/24/21,60.73831,-144.5687,F,0.112,1-D2,10,0.3886,NA,NA,NA,NA,3.7,NA,NA,2.204,1-C2,N,Y,5,Y,Y,0.056,15.3,15.5,13.4,13.1,9,7.6,4.9,5.1,9/27/21,92,10/1/21,32.1,0.6511,0.3489,NA,10/5/21,4,0.4372,923.3249,26.8033,9.352020978,2,0.3798,955.4635,27.7401,9.678882717,NA,NA,NA,NA,NA,NA,NA,NA,NA,NA,58584.32,NA,2021,488,129,313,60,1.292221797,0.00935202,2204,20.6118542,7.466666667
BC-34-2021,BC-34-2021,BC-34-21,BC-L-34,2021-06-18,Middle,Baird Canyon,6/24/21,60.73831,-144.5687,F,0.188,1-D5,10,0.7367,NA,NA,NA,NA,4.7,NA,NA,1.63,1-C5,N,Y,5,Y,Y,0.096,10.8,9.3,6.7,8,2.8,3.4,1.3,2.4,9/27/21,103,10/1/21,34.8,0.6621,0.3379,NA,10/5/21,4,0.2759,923.3249,26.8691,9.078103689,NA,NA,NA,NA,NA,NA,NA,NA,NA,NA,NA,NA,NA,NA,NA,58584.32,NA,2021,445,112,290,65,-0.459985773,0.0090781,1630,14.797309,6.569230769
BC-35-2021,BC-35-2021,BC-35-21,BC-L-35,2021-06-18,Middle,Baird Canyon,6/25/21,60.73831,-144.5687,M,0.056,1-E1,NA,NA,NA,NA,NA,NA,NA,NA,NA,2.168,1-C9,N,Y,5,Y,Y,0.028,9.3,9.5,7,7.3,2.9,3,1.6,1.4,9/27/21,106,10/1/21,36.9,0.6519,0.3481,NA,10/5/21,2,0.271,955.4635,27.4529,9.556717075,NA,NA,NA,NA,NA,NA,NA,NA,NA,NA,NA,NA,NA,NA,NA,58584.32,NA,2021,481,127,316,74,1.129372528,0.00955672,2168,20.7189626,6.418918919
BC-36-2021,BC-36-2021,BC-36-21,BC-L-36,2021-06-18,Middle,Baird Canyon,6/25/21,60.73831,-144.5687,M,0.068,1-D8,NA,NA,NA,NA,NA,NA,NA,NA,NA,1.864,1-C8,N,Y,5,Y,Y,0.032,8,7.9,5.3,6.1,2.2,2,1.8,1.7,9/27/21,152,10/4/21,48.7,0.6796,0.3204,NA,10/5/21,2,0.3106,955.4635,26.3307,8.436217697,NA,NA,NA,NA,NA,NA,NA,NA,NA,NA,NA,NA,NA,NA,NA,58584.32,NA,2021,439,124,305,66,0.183772528,0.00843622,1864,15.7251098,6.621212121
BC-37-2021,BC-37-2021,BC-37-21,BC-L-37,2021-06-18,Middle,Baird Canyon,6/25/21,60.73831,-144.5687,M,0.078,1-E5,NA,NA,NA,NA,NA,NA,NA,NA,NA,2.468,1-D1,N,Y,5,Y,Y,0.036,4.9,5.3,4.3,5.1,1.8,1.7,1.3,1.3,9/27/21,115,10/4/21,35.9,0.6878,0.3122,NA,10/5/21,4,0.2958,923.3249,25.2136,7.871028174,NA,NA,NA,NA,NA,NA,NA,NA,NA,NA,NA,NA,NA,NA,NA,58584.32,NA,2021,488,137,330,70,1.875801986,0.00787103,2468,19.4256975,7.171428571
BC-38-2021,BC-38-2021,BC-38-21,BC-L-38,2021-06-18,Middle,Baird Canyon,6/25/21,60.73831,-144.5687,M,0.086,1-E7,NA,NA,NA,NA,NA,NA,NA,NA,NA,1.846,1-D3,N,Y,5,Y,Y,0.046,3.7,4,4.1,3.8,1.6,1.4,1.2,1,10/4/21,118,10/8/21,34.7,0.7059,0.2941,NA,10/8/21,2,0.308,955.4635,26.0478,7.659819153,4,0.2924,923.3249,25.1529,7.396657881,NA,NA,NA,NA,NA,NA,NA,NA,NA,NA,58584.32,NA,2021,440,125,306,64,0.257982469,0.00765982,1846,14.1400262,6.75
BC-39-2021,BC-39-2021,BC-39-21,BC-L-39,2021-06-18,Middle,Baird Canyon,6/24/21,60.73831,-144.5687,F,0.138,1-D6,10,0.626,NA,NA,NA,NA,4.1,NA,NA,1.538,1-C6,N,Y,5,Y,Y,0.068,9.1,7.4,6.5,6.3,2.4,2.6,1.6,2.2,9/27/21,121,10/1/21,39.2,0.676,0.324,NA,10/5/21,2,0.3416,955.4635,27.2615,8.831824793,NA,NA,NA,NA,NA,NA,NA,NA,NA,NA,NA,NA,NA,NA,NA,58584.32,NA,2021,432,115,284,77,-0.608221987,0.00883182,1538,13.5833465,6.558441558
BC-40-2021,BC-40-2021,BC-40-21,BC-L-40,2021-06-18,Middle,Baird Canyon,6/24/21,60.73831,-144.5687,F,0.136,1-D3,10,0.5761,NA,NA,NA,NA,4.6,NA,NA,1.646,1-C3,N,Y,5,Y,Y,0.062,6.9,7.6,6.6,6.9,1.8,2.3,1.2,1.8,10/4/21,112.2,10/8/21,35.3,0.6854,0.3146,NA,10/8/21,2,0.305,955.4635,27.1877,8.553705971,NA,NA,NA,NA,NA,NA,NA,NA,NA,NA,NA,NA,NA,NA,NA,58584.32,NA,2021,429,115,285,76,-0.642854979,0.00855371,1646,14.0794,6.065789474
BC-41-2021,BC-41-2021,BC-41-21,BC-L-41,2021-07-08,Late,Baird Canyon,7/24/21,60.73831,-144.5687,F,0.148,3-A5,10,0.3738,NA,NA,NA,NA,4,NA,NA,1.966,2-A5,N,Y,5,Y,Y,0.078,9.2,9.1,6.4,8.9,3.7,5.3,3.3,4.8,9/27/21,69,10/1/21,23.7,0.6565,0.3435,NA,10/5/21,4,0.2655,923.3249,26.6856,9.165923478,NA,NA,NA,NA,NA,NA,NA,NA,NA,NA,NA,NA,NA,NA,NA,58584.32,NA,2021,452,131,319,75,0.889397219,0.00916592,1966,18.0202056,5.893333333
BC-42-2021,BC-42-2021,BC-42-21,BC-L-42,2021-07-08,Late,Baird Canyon,7/24/21,60.73831,-144.5687,F,0.152,3-B1,10,0.414,NA,NA,NA,NA,4.4,NA,NA,2.206,2-A9,Y,Y,5,Y,Y,0.074,9,8.5,5.1,8.1,2.3,4,1.8,3.5,10/4/21,117.2,10/8/21,41.1,0.6493,0.3507,NA,10/8/21,4,0.3305,923.3249,26.7827,9.392226706,NA,NA,NA,NA,NA,NA,NA,NA,NA,NA,NA,NA,NA,NA,NA,58584.32,NA,2021,499,118,302,81,0.825130707,0.00939223,2206,20.7192521,6.308641975
BC-43-2021,BC-43-2021,BC-43-21,BC-L-43,2021-07-08,Late,Baird Canyon,7/24/21,60.73831,-144.5687,F,0.112,3-B2,10,0.1996,NA,NA,NA,NA,3.8,NA,NA,1.966,2-A10,N,Y,6,Y,Y,0.052,8,6.7,6.4,6.6,3.8,5.8,3.9,4.1,9/27/21,83,10/4/21,28.2,0.6602,0.3398,NA,10/5/21,2,0.2934,955.4635,26.6235,9.045574699,NA,NA,NA,NA,NA,NA,NA,NA,NA,NA,NA,NA,NA,NA,NA,58584.32,NA,2021,467,122,305,67,0.537534726,0.00904557,1966,17.7835999,6.895522388
BC-44-2021,BC-44-2021,BC-44-21,BC-L-44,2021-07-08,Late,Baird Canyon,7/23/21,60.73831,-144.5687,M,0.042,2-C6,NA,NA,NA,NA,NA,NA,NA,NA,NA,2.252,1-F10,Y,Y,6,Y,Y,0.022,6.3,6.6,6.1,6.6,1.9,3.5,2.6,3.2,9/27/21,85,10/1/21,29.5,0.6529,0.3471,NA,10/5/21,4,0.2868,923.3249,26.7043,9.267962941,NA,NA,NA,NA,NA,NA,NA,NA,NA,NA,NA,NA,NA,NA,NA,58584.32,NA,2021,461,123,310,64,0.552580486,0.00926796,2252,20.8714525,5.84375
BC-45-2021,BC-45-2021,BC-45-21,BC-L-45,2021-07-08,Late,Baird Canyon,7/24/21,60.73831,-144.5687,F,0.138,3-B3,10,0.3523,NA,NA,NA,NA,4.2,NA,NA,1.552,2-A11,N,Y,5,Y,Y,0.064,3.4,3.7,3.1,2.9,2.6,4.1,1.2,1.6,9/27/21,87,10/1/21,26.8,0.692,0.308,NA,10/5/21,2,0.3052,955.4635,25.0496,7.716428506,NA,NA,NA,NA,NA,NA,NA,NA,NA,NA,NA,NA,NA,NA,NA,58584.32,NA,2021,414,112,287,72,-0.991029091,0.00771643,1552,11.975897,6.236111111
BC-46-2021,BC-46-2021,BC-46-21,BC-L-46,2021-07-08,Late,Baird Canyon,7/24/21,60.73831,-144.5687,F,0.17,3-B5,10,0.3948,NA,NA,NA,NA,4.25,NA,NA,2.004,2-B1,N,Y,5,Y,Y,0.074,3,2.8,2.6,1.7,0.8,1.2,1.4,0.9,9/27/21,95,10/1/21,31.2,0.6716,0.3284,NA,10/5/21,4,0.3209,923.3249,24.7605,8.131869474,NA,NA,NA,NA,NA,NA,NA,NA,NA,NA,NA,NA,NA,NA,NA,58584.32,NA,2021,474,121,307,74,0.629276284,0.00813187,2004,16.2962664,6.5
BC-47-2021,BC-47-2021,BC-47-21,BC-L-47,2021-07-08,Late,Baird Canyon,7/24/21,60.73831,-144.5687,M,0.068,3-B6,NA,NA,NA,NA,NA,NA,NA,NA,NA,1.77,2-B2,N,Y,6,Y,Y,0.032,7.3,5.7,6.7,5.3,4.5,4.7,2.8,3.9,9/27/21,114,10/1/21,37.7,0.6693,0.3307,NA,10/5/21,2,0.2791,955.4635,27.1564,8.980669123,NA,NA,NA,NA,NA,NA,NA,NA,NA,NA,NA,NA,NA,NA,NA,58584.32,NA,2021,445,113,282,71,-0.518538509,0.00898067,1770,15.8957843,6.183098592
BC-48-2021,BC-48-2021,BC-48-21,BC-L-48,2021-07-08,Late,Baird Canyon,7/23/21,60.73831,-144.5687,M,0.05,2-C5,NA,NA,NA,NA,NA,NA,NA,NA,NA,2.2,1-F9,N,Y,6,Y,Y,0.028,7.4,8,7.8,8.5,2.8,6.2,3.1,6.1,9/27/21,121,10/1/21,41.3,0.6587,0.3413,NA,10/5/21,4,0.3354,923.3249,25.7988,8.805706116,NA,NA,NA,NA,NA,NA,NA,NA,NA,NA,NA,NA,NA,NA,NA,58584.32,NA,2021,471,124,317,66,0.847578523,0.00880571,2200,19.3725535,7.393939394
BC-49-2021,BC-49-2021,BC-49-21,BC-L-49,2021-07-08,Late,Baird Canyon,7/24/21,60.73831,-144.5687,F,0.136,3-B4,10,0.3098,NA,NA,NA,NA,4,NA,NA,1.954,2-A12,N,Y,5,Y,Y,0.07,6.5,7.6,6.2,6.2,4.4,3,1.7,1.9,9/27/21,92,10/1/21,29.9,0.675,0.325,NA,10/5/21,2,0.3456,955.4635,25.7946,8.383245,NA,NA,NA,NA,NA,NA,NA,NA,NA,NA,NA,NA,NA,NA,NA,58584.32,NA,2021,468,116,296,75,0.164426941,0.00838325,1954,16.3808607,5.866666667
BC-50-2021,BC-50-2021,BC-50-21,BC-L-50,2021-07-08,Late,Baird Canyon,7/23/21,60.73831,-144.5687,M,0.036,2-D5,NA,NA,NA,NA,NA,NA,NA,NA,NA,2.342,1-G5,Y,Y,5,Y,Y,0.016,8.4,8.3,6.7,6.1,2.9,4.2,1.6,2.2,10/5/21,88,10/8/21,28.4,0.6773,0.3227,NA,10/8/21,2,0.3522,955.4635,27.0375,8.725738636,NA,NA,NA,NA,NA,NA,NA,NA,NA,NA,NA,NA,NA,NA,NA,58584.32,NA,2021,487,122,305,71,0.855005873,0.00872574,2342,20.4356799,6.492957746
BC-51-2021,BC-51-2021,BC-51-21,BC-L-51,2021-07-08,Late,Baird Canyon,7/23/21,60.73831,-144.5687,M,0.046,2-C7,NA,NA,NA,NA,NA,NA,NA,NA,NA,2.394,1-F11,N,Y,5,Y,Y,0.022,6.4,5.5,3.7,5.7,2.2,3.2,2.2,1.8,10/4/21,81.6,10/7/21,26.8,0.6716,0.3284,NA,10/8/21,4,0.4261,923.3249,26.5413,8.716995588,NA,NA,NA,NA,NA,NA,NA,NA,NA,NA,NA,NA,NA,NA,NA,58584.32,NA,2021,480,130,326,65,1.379421882,0.008717,2394,20.8684874,6.846153846
BC-52-2021,BC-52-2021,BC-52-21,BC-L-52,2021-07-08,Late,Baird Canyon,7/24/21,60.73831,-144.5687,F,0.086,3-B8,10,0.3831,NA,NA,NA,NA,4.3,NA,NA,1.264,2-B4,N,Y,5,Y,Y,0.04,6.1,6.1,5.8,4.8,2.8,3.4,3.1,3.8,10/4/21,83.4,10/7/21,29,0.6523,0.3477,NA,10/8/21,2,0.1921,955.4635,26.7011,9.284555156,NA,NA,NA,NA,NA,NA,NA,NA,NA,NA,NA,NA,NA,NA,NA,58584.32,NA,2021,395,99,266,71,-2.154901109,0.00928456,1264,11.7356777,6.633802817
BC-53-2021,BC-53-2021,BC-53-21,BC-L-53,2021-07-08,Late,Baird Canyon,7/23/21,60.73831,-144.5687,M,0.048,2-D2,NA,NA,NA,NA,NA,NA,NA,NA,NA,2.158,1-G2,N,Y,5,Y,Y,0.026,2.9,3.4,1.9,2.5,1.4,1.5,1.1,1.3,10/4/21,87.5,10/8/21,28,0.68,0.32,NA,10/8/21,4,0.3117,923.3249,26.1436,8.365952,NA,NA,NA,NA,NA,NA,NA,NA,NA,NA,NA,NA,NA,NA,NA,58584.32,NA,2021,456,125,318,75,0.667811547,0.00836595,2158,18.0537244,6.493333333
BC-54-2021,BC-54-2021,BC-54-21,BC-L-54,2021-07-08,Late,Baird Canyon,7/23/21,60.73831,-144.5687,M,0.06,2-C4,NA,NA,NA,NA,NA,NA,NA,NA,NA,0.542,1-F8,NO READ,Y,5,Y,Y,0.03,1,1.8,0.8,1.7,0.7,0.8,0.7,0.9,10/4/21,56.8,10/7/21,14.7,0.7412,0.2588,NA,10/8/21,2,0.2764,955.4635,23.9872,6.20795493,NA,NA,NA,NA,NA,NA,NA,NA,NA,NA,NA,NA,NA,NA,NA,58584.32,NA,2021,301,87,205,74,-4.983448426,0.00620795,542,3.36471157,6.486486486
BC-55-2021,BC-55-2021,BC-55-21,BC-L-55,2021-07-08,Late,Baird Canyon,7/23/21,60.73831,-144.5687,M,0.094,2-D1,NA,NA,NA,NA,NA,NA,NA,NA,NA,1.84,1-G1,N,Y,5,Y,Y,0.046,5.4,6.7,4.3,4.8,2.1,2.3,1.3,1.8,10/4/21,81.2,10/8/21,26.2,0.6773,0.3227,NA,10/8/21,4,0.287,923.3249,26.083,8.41594335,NA,NA,NA,NA,NA,NA,NA,NA,NA,NA,NA,NA,NA,NA,NA,58584.32,NA,2021,461,117,297,73,0.111648424,0.00841594,1840,15.4853358,6.246575342
BC-56-2021,BC-56-2021,BC-56-21,BC-L-56,2021-07-08,Late,Baird Canyon,7/23/21,60.73831,-144.5687,M,0.082,2-D4,NA,NA,NA,NA,NA,NA,NA,NA,NA,2.508,1-G4,N,Y,5,Y,Y,0.04,1,1,0.7,0.8,0.6,1.2,0.5,0.7,10/4/21,117.4,10/8/21,32.7,0.7215,0.2785,NA,10/8/21,2,0.2593,955.4635,24.6501,6.865913714,NA,NA,NA,NA,NA,NA,NA,NA,NA,NA,NA,NA,NA,NA,NA,58584.32,NA,2021,477,132,324,49,1.396523257,0.00686591,2508,17.2197116,6.142857143
BC-57-2021,BC-57-2021,BC-57-21,BC-L-57,2021-07-08,Late,Baird Canyon,7/24/21,60.73831,-144.5687,F,0.076,3-A7,10,0.3482,NA,NA,NA,NA,4,NA,NA,1.024,2-A7,N,Y,5,Y,Y,0.044,7.5,6.7,4.7,6,4.5,6.7,2.6,2.5,10/4/21,79,10/7/21,24.4,0.6911,0.3089,NA,10/8/21,4,0.3116,923.3249,26.697,8.245655696,NA,NA,NA,NA,NA,NA,NA,NA,NA,NA,NA,NA,NA,NA,NA,58584.32,NA,2021,390,91,235,64,-2.999676606,0.00824566,1024,8.44355143,7.203125
BC-58-2021,BC-58-2021,BC-58-21,BC-L-58,2021-07-08,Late,Baird Canyon,7/23/21,60.73831,-144.5687,M,0.056,2-C8,NA,NA,NA,NA,NA,NA,NA,NA,NA,2.24,1-F12,N,Y,5,Y,Y,0.03,4.7,4.8,4,4.3,1,1.8,0.8,1.2,10/4/21,83.9,10/7/21,25,0.702,0.298,NA,10/8/21,2,0.2917,955.4635,26.3691,7.857300358,NA,NA,NA,NA,NA,NA,NA,NA,NA,NA,NA,NA,NA,NA,NA,58584.32,NA,2021,480,128,315,75,1.145859994,0.0078573,2240,17.6003528,6.36
BC-59-2021,BC-59-2021,BC-59-21,BC-L-59,2021-07-08,Late,Baird Canyon,7/24/21,60.73831,-144.5687,F,0.11,3-B7,10,0.4809,NA,NA,NA,NA,5.05,NA,NA,1.388,2-B3,N,Y,5,Y,Y,0.048,7.3,6.3,6.3,5.4,3,4.6,2.9,4.1,10/4/21,97.1,10/8/21,33.1,0.6591,0.3409,NA,10/8/21,4,0.4367,923.3249,26.5385,9.046594748,NA,NA,NA,NA,NA,NA,NA,NA,NA,NA,NA,NA,NA,NA,NA,58584.32,NA,2021,428,100,264,70,-1.611700372,0.00904659,1388,12.5566735,6.857142857
BC-60-2021,BC-60-2021,BC-60-21,BC-L-60,2021-07-08,Late,Baird Canyon,7/23/21,60.73831,-144.5687,M,0.076,2-D3,NA,NA,NA,NA,NA,NA,NA,NA,NA,2.704,1-G3,N,Y,5,Y,Y,0.036,0.7,0.6,0.6,0.6,0.6,0.6,0.6,0.6,10/4/21,80.5,10/7/21,22,0.7267,0.2733,NA,10/8/21,2,0.279,955.4635,23.1759,6.333786335,NA,NA,NA,NA,NA,NA,NA,NA,NA,NA,NA,NA,NA,NA,NA,58584.32,NA,2021,494,132,335,77,1.809238212,0.00633379,2704,17.1265582,6.415584416